Time_Sec,CH0-ThumbLow,CH1-ThumbUp,CH2-Pointer,CH3-Middle,CH4-Ring,CH5-Pinky
4920920997930700,1284,1855,2883,2742,4032,2660
4920920998272400,1284,1855,2885,2741,4031,2661
4920920998717000,1409,1855,2882,2742,4035,2661
4920920999020800,1282,1856,2882,2743,4029,2660
4920920999341100,1283,1855,2881,2743,4032,2660
4920920999633400,1284,1856,2883,2742,4034,2662
4920920999702900,1283,1856,2881,2741,4032,2662
4920920999931400,1284,1857,2882,2742,4029,2660
4920921000230700,1283,1856,2882,2742,4040,2662
4920921000513700,1284,1856,2882,2742,4028,2741
4920921000709900,1282,1856,2881,2740,4095,2662
4920921000874500,1283,1856,2882,2743,4033,2661
4920921000952800,1282,1855,2881,2743,4032,2660
4920921001168400,1284,1856,2883,2741,4032,2660
4920921001250700,1285,1856,2883,2742,4029,2661
4920921001477700,1282,1857,2884,2743,4030,2660
4920921001552000,1284,1856,2882,2740,4076,2661
4920921001798700,1285,1872,2882,2742,4028,2662
4920921001866200,1286,1855,2881,2742,4031,2660
4920921002085900,1284,1855,2882,2742,4031,2662
4920921002379500,1283,1856,2882,2742,4032,2660
4920921002452100,1284,1856,2881,2741,4080,2663
4920921002680100,1284,1856,2892,2743,4028,2662
4920921002793100,1284,1855,2882,2743,4030,2660
4920921002861000,1282,1857,2882,2740,4059,2662
4920921002948900,1283,1858,2881,2742,4095,2663
4920921003035900,1282,1856,2882,2742,4094,2661
4920921003087100,1282,1855,2883,2742,4031,2661
4920921003156500,1282,1857,2882,2742,4030,2661
4920921003205300,1284,1856,2882,2741,4095,2662
4920921003253800,1283,1856,2893,2744,4030,2662
4920921003302500,1283,1857,2882,2742,4032,2663
4920921003361500,1283,1855,2881,2742,4031,2659
4920921003488600,1282,1901,2883,2742,4052,2663
4920921003608000,1283,1708,2882,2743,4088,2661
4920921003965900,1286,1854,2883,2743,4034,2661
4920921004310500,1284,1856,2882,2742,4032,2661
4920921004456700,1284,1856,2881,2741,3991,2662
4920921004569800,1284,1855,2883,2743,4032,2782
4920921004901100,1283,1856,2902,2745,4030,2664
4920921005339700,1283,1854,2882,2744,4031,2661
4920921005566900,1283,1856,2882,2742,4076,2662
4920921005745300,1293,1856,2881,2742,4032,2661
4920921005938000,1283,1856,2882,2741,4032,2762
4920921006008800,1284,1856,2881,2743,4031,2660
4920921006121800,1284,1856,2882,2742,4057,2663
4920921006239600,1286,1856,2882,2743,4032,2662
4920921006559900,1283,1856,2884,2742,4032,2661
4920921006713600,1282,1856,2882,2743,4029,2660
4920921006996400,1282,1855,2881,2743,4029,2663
4920921007142500,1282,1855,2882,2748,4031,2661
4920921007433400,1283,1878,2883,2742,4032,2662
4920921007623700,1283,1854,2882,2741,4032,2714
4920921007799600,1285,1856,2882,2743,4033,2662
4920921007934100,1283,1856,2882,2744,4048,2661
4920921008075400,1284,1855,2883,2742,4033,2661
4920921008272500,1285,1856,2882,2743,4027,2661
4920921008426500,1282,1961,2883,2742,4033,2661
4920921008576700,1332,1854,2881,2742,4031,2662
4920921008695900,1283,1854,2881,2744,4035,2662
4920921008797000,1283,1854,2918,2743,4033,2658
4920921008879000,1283,1856,2882,2744,4033,2662
4920921009135000,1284,1856,2881,2743,4033,2661
4920921009244200,1283,1856,2883,2742,4032,2660
4920921009365000,1283,1855,2884,2741,4033,2663
4920921009464000,1408,1855,2882,2741,4031,2661
4920921009543400,1282,1855,2882,2742,4031,2661
4920921009624600,1283,1855,2881,2743,4032,2661
4920921009745200,1283,1855,2882,2742,4033,2663
4920921009842900,1284,1856,2882,2742,4033,2661
4920921009923500,1284,1857,2883,2742,4029,2660
4920921009982700,1283,1856,2882,2741,4032,2661
4920921010046600,1282,1856,2882,2741,4032,2740
4920921010145900,1284,1856,2881,2740,4095,2662
4920921010250600,1283,1854,2881,2742,4031,2661
4920921010529900,1282,1855,2881,2744,4036,2661
4920921010681800,1284,1856,2883,2741,4030,2662
4920921010761300,1284,1856,2883,2742,4033,2662
4920921010818100,1283,1855,2882,2742,4033,2661
4920921010876400,1284,1856,2881,2741,4095,2661
4920921010944100,1284,1872,2882,2742,4028,2661
4920921011008100,1287,1857,2881,2742,4030,2661
4920921011090200,1284,1856,2882,2742,4030,2661
4920921011168400,1283,1855,2881,2744,4031,2660
4920921011234100,1283,1855,2881,2741,4084,2662
4920921012012100,1284,1856,2892,2743,4028,2661
4920921012171200,1284,1856,2882,2743,4031,2661
4920921012259300,1284,1855,2881,2741,4060,2662
4920921012494900,1284,1857,2881,2741,4095,2665
4920921012686500,1282,1856,2881,2741,4092,2661
4920921012788300,1283,1856,2882,2743,4042,2661
4920921012874900,1283,1856,2882,2742,4030,2661
4920921013218400,1283,1856,2882,2742,4095,2663
4920921013350500,1284,1856,2892,2743,4028,2662
4920921013479700,1283,1856,2882,2741,4033,2663
4920921013581900,1283,1855,2881,2742,4034,2661
4920921013690000,1283,1897,2883,2742,4054,2663
4920921013766500,1284,1708,2881,2741,4086,2661
4920921013855600,1287,1856,2883,2744,4032,2660
4920921013922600,1284,1856,2882,2742,4032,2661
4920921014022400,1283,1856,2882,2742,4095,2662
4920921014132400,1283,1855,2883,2741,4033,2779
4920921014231400,1284,1856,2904,2745,4032,2664
4920921014309300,1285,1855,2881,2743,4031,2661
4920921014394500,1283,1855,2881,2741,4074,2663
4920921014499000,1293,1857,2881,2744,4031,2661
4920921014778400,1282,1857,2882,2742,4034,2774
4920921014877700,1284,1856,2881,2744,4032,2661
4920921014957400,1285,1855,2881,2743,4034,2659
4920921015046900,1284,1856,2881,2742,4032,2662
4920921015124000,1285,1856,2884,2742,4032,2663
4920921015196000,1284,1856,2881,2742,4029,2660
4920921015259200,1283,1855,2882,2743,4031,2662
4920921015328000,1283,1855,2880,2748,4031,2661
4920921015403700,1282,1856,2884,2742,4032,2662
4920921015466000,1283,1855,2881,2742,4029,2712
4920921015526200,1285,1856,2881,2742,4031,2661
4920921015599200,1284,1856,2882,2744,4044,2662
4920921015682800,1284,1855,2882,2742,4032,2661
4920921015756900,1283,1856,2883,2742,4032,2661
4920921015832800,1283,1959,2883,2744,4032,2661
4920921015897000,1335,1856,2881,2742,4031,2661
4920921015957500,1285,1855,2879,2744,4036,2662
4920921016015600,1283,1854,2917,2743,4032,2659
4920921016073900,1283,1856,2882,2743,4032,2662
4920921016141600,1283,1856,2881,2742,4033,2660
4920921016204800,1284,1855,2884,2742,4030,2661
4920921016267600,1284,1856,2885,2742,4031,2662
4920921016335300,1409,1855,2882,2743,4033,2661
4920921016398900,1282,1856,2882,2743,4031,2661
4920921016462800,1283,1855,2881,2744,4032,2660
4920921016525800,1283,1855,2882,2742,4034,2663
4920921016584800,1284,1856,2882,2741,4032,2661
4920921016649400,1285,1856,2883,2742,4029,2661
4920921016708600,1283,1856,2883,2742,4042,2662
4920921016771400,1284,1856,2881,2742,4030,2741
4920921016835100,1284,1856,2881,2742,4095,2661
4920921016899300,1282,1856,2882,2743,4031,2661
4920921016961200,1284,1856,2881,2744,4032,2661
4920921017023300,1284,1857,2884,2743,4032,2662
4920921017082500,1284,1856,2882,2744,4029,2661
4920921017148100,1282,1855,2883,2744,4032,2661
4920921017210000,1281,1856,2881,2742,4032,2662
4920921017271800,1283,1874,2883,2742,4028,2662
4920921017331300,1287,1856,2880,2742,4029,2661
4920921017393100,1285,1855,2882,2745,4034,2661
4920921017457100,1283,1856,2882,2743,4032,2661
4920921017516700,1283,1856,2881,2741,4081,2663
4920921017579700,1282,1856,2892,2743,4032,2662
4920921017642900,1283,1854,2882,2743,4031,2661
4920921017714400,1283,1857,2881,2741,4059,2662
4920921017781400,1284,1857,2883,2740,4095,2664
4920921017843900,1282,1856,2882,2742,4092,2661
4920921017905700,1284,1856,2882,2742,4040,2662
4920921017968400,1283,1855,2882,2742,4032,2661
4920921018031100,1282,1857,2882,2742,4095,2662
4920921018093800,1282,1857,2896,2744,4029,2662
4920921018177300,1283,1856,2882,2742,4031,2662
4920921018261900,1284,1855,2881,2742,4034,2661
4920921018366300,1283,1897,2882,2743,4052,2663
4920921018462400,1284,1709,2882,2742,4086,2661
4920921018619000,1286,1856,2884,2743,4032,2661
4920921018709600,1284,1856,2882,2742,4031,2661
4920921018858700,1283,1857,2881,2742,3989,2662
4920921018979100,1283,1857,2882,2741,4034,2778
4920921019121900,1282,1855,2904,2743,4032,2664
4920921019227600,1284,1856,2880,2742,4031,2660
4920921019318900,1284,1856,2882,2742,4076,2662
4920921019469700,1294,1855,2880,2742,4031,2661
4920921019573000,1282,1857,2883,2741,4036,2778
4920921019919500,1283,1856,2881,2744,4031,2661
4920921020025800,1285,1856,2882,2743,4056,2662
4920921020126500,1283,1856,2882,2742,4033,2662
4920921020195500,1284,1855,2887,2743,4032,2661
4920921020314700,1283,1854,2882,2742,4031,2661
4920921020449700,1284,1855,2882,2741,4030,2663
4920921020534800,1282,1855,2882,2748,4035,2661
4920921020615600,1284,1856,2883,2743,4032,2662
4920921020732700,1284,1854,2882,2741,4032,2716
4920921020931500,1284,1856,2882,2743,4031,2661
4920921021010800,1285,1856,2882,2742,4045,2662
4920921021107700,1283,1856,2883,2742,4029,2660
4920921021196000,1281,1856,2882,2743,4035,2662
4920921021269000,1282,1962,2883,2742,4030,2664
4920921021344400,1335,1856,2881,2742,4032,2662
4920921021416700,1283,1855,2880,2744,4034,2662
4920921021486300,1283,1854,2917,2743,4033,2659
4920921021565500,1285,1856,2881,2743,4033,2661
4920921021704300,1283,1856,2883,2743,4034,2661
4920921021791400,1284,1856,2883,2741,4040,2660
4920921021870600,1284,1855,2885,2742,4031,2660
4920921021945100,1409,1855,2882,2742,4031,2661
4920921022020500,1282,1855,2882,2744,4031,2660
4920921022287700,1283,1855,2881,2744,4030,2661
4920921022364000,1283,1856,2883,2743,4033,2663
4920921022436500,1283,1856,2882,2741,4032,2661
4920921022518100,1284,1856,2882,2742,4029,2661
4920921022602400,1283,1856,2883,2742,4040,2662
4920921022696300,1284,1854,2882,2741,4029,2742
4920921022782600,1283,1857,2881,2741,4095,2662
4920921022882000,1282,1855,2882,2743,4032,2661
4920921022979400,1284,1855,2881,2742,4033,2661
4920921023066100,1283,1856,2883,2743,4029,2662
4920921023147200,1285,1856,2882,2743,4029,2661
4920921023379200,1284,1856,2883,2743,4032,2661
4920921023509900,1284,1855,2882,2741,4095,2661
4920921023612100,1284,1872,2882,2742,4028,2661
4920921023717800,1287,1855,2881,2744,4032,2661
4920921023813900,1283,1856,2882,2742,4033,2661
4920921023925600,1283,1856,2881,2743,4032,2661
4920921024056600,1283,1856,2881,2740,4079,2663
4920921024211200,1283,1856,2893,2743,4032,2662
4920921024309400,1284,1856,2882,2744,4029,2660
4920921024397500,1284,1857,2881,2741,4058,2662
4920921024551800,1283,1858,2883,2742,4095,2663
4920921024682800,1282,1856,2882,2741,4092,2661
4920921024816100,1284,1856,2882,2742,4040,2661
4920921024939200,1283,1855,2882,2743,4032,2661
4920921025058300,1285,1856,2881,2740,4022,2663
4920921025150100,1283,1856,2892,2742,4032,2661
4920921025274100,1284,1856,2883,2742,4030,2662
4920921025402900,1282,1854,2881,2743,4034,2659
4920921025536100,1285,1898,2883,2740,4054,2662
4920921025658800,1284,1707,2882,2741,4088,2661
4920921025803300,1286,1855,2883,2743,4032,2661
4920921025925500,1284,1856,2882,2742,4029,2660
4920921026073800,1284,1857,2881,2742,3989,2662
4920921026209900,1283,1856,2881,2740,4034,2782
4920921026358600,1282,1856,2904,2743,4030,2664
4920921026497100,1282,1856,2881,2743,4032,2661
4920921026597300,1284,1855,2882,2742,4076,2662
4920921026685600,1293,1856,2881,2744,4033,2661
4920921026795300,1283,1856,2883,2741,4033,2776
4920921027191200,1285,1855,2881,2743,4031,2662
4920921027553700,1284,1856,2883,2745,4031,2662
4920921027774400,1282,1857,2881,2742,4028,2662
4920921027863800,1282,1857,2881,2743,4029,2661
4920921027962400,1283,1856,2882,2742,4029,2661
4920921028053500,1284,1856,2882,2742,4031,2663
4920921028129100,1283,1855,2880,2749,4031,2662
4920921028400800,1281,1878,2883,2742,4026,2662
4920921028522900,1282,1854,2881,2742,4031,2713
4920921028604100,1283,1856,2882,2743,4031,2661
4920921028671800,1284,1857,2882,2742,4048,2661
4920921028761100,1283,1856,2883,2742,4032,2661
4920921028840000,1282,1856,2882,2743,4032,2661
4920921028913500,1283,1964,2883,2744,4032,2662
4920921028999000,1334,1855,2881,2744,4030,2662
4920921029090400,1284,1855,2880,2745,4035,2661
4920921029166500,1284,1854,2917,2743,4033,2658
4920921029278400,1284,1855,2882,2743,4033,2662
4920921029356200,1283,1856,2882,2742,4033,2660
4920921029426200,1284,1854,2883,2743,4040,2661
4920921029512700,1284,1856,2884,2742,4031,2661
4920921029635200,1409,1853,2882,2743,4030,2661
4920921029914700,1282,1857,2882,2742,4033,2660
4920921030025300,1284,1857,2881,2742,4038,2661
4920921030124100,1284,1856,2882,2742,4034,2662
4920921030247400,1284,1856,2882,2742,4032,2661
4920921030344300,1283,1856,2882,2742,4029,2661
4920921030462200,1285,1856,2883,2742,4040,2662
4920921030560000,1283,1856,2883,2741,4032,2744
4920921030642300,1283,1856,2881,2738,4095,2661
4920921030900000,1283,1854,2882,2743,4031,2661
4920921031190900,1284,1855,2881,2744,4030,2662
4920921031508400,1283,1857,2885,2743,4030,2662
4920921031593700,1283,1857,2882,2744,4032,2661
4920921031703100,1284,1856,2882,2742,4030,2661
4920921032027900,1282,1857,2882,2740,4082,2661
4920921032198800,1284,1872,2882,2742,4026,2664
4920921032564200,1286,1855,2880,2742,4032,2662
4920921032719600,1283,1856,2881,2743,4033,2662
4920921032899100,1284,1854,2882,2743,4029,2660
4920921033076900,1284,1854,2881,2741,4080,2663
4920921033261500,1284,1856,2893,2743,4030,2662
4920921033489700,1285,1856,2884,2743,4032,2661
4920921033644200,1283,1857,2881,2742,4056,2661
4920921033776300,1283,1856,2882,2743,4095,2663
4920921033917100,1280,1856,2882,2741,4090,2660
4920921034125200,1283,1856,2883,2742,4040,2662
4920921034288800,1284,1855,2884,2742,4032,2660
4920921034444900,1283,1856,2882,2741,4095,2661
4920921566762600,1283,1855,2888,2742,4030,2661
4920921567083200,1284,1855,2882,2742,4031,2662
4920921567179700,1284,1855,2881,2742,4035,2659
4920921567308700,1283,1898,2883,2742,4052,2662
4920921567397500,1284,1709,2883,2742,4090,2661
4920921567507300,1287,1856,2883,2743,4032,2662
4920921567707500,1283,1856,2881,2742,4031,2663
4920921567815500,1282,1856,2881,2742,3991,2661
4920921567928700,1286,1857,2884,2741,4034,2785
4920921568022400,1284,1856,2902,2745,4032,2664
4920921568313400,1285,1856,2881,2741,4031,2661
4920921568434300,1283,1855,2881,2742,4080,2663
4920921568721800,1293,1856,2883,2742,4031,2662
4920921568869200,1284,1856,2882,2742,4033,2775
4920921569465300,1284,1856,2881,2744,4032,2660
4920921569678900,1285,1857,2882,2743,4057,2662
4920921569836000,1283,1854,2881,2742,4032,2662
4920921570166800,1285,1856,2882,2743,4032,2661
4920921570348700,1283,1856,2882,2742,4031,2661
4920921570493700,1284,1855,2882,2743,4028,2662
4920921570621500,1284,1855,2882,2748,4033,2662
4920921570971500,1281,1877,2883,2742,4032,2662
4920921571238400,1281,1854,2882,2742,4033,2716
4920921571547000,1284,1856,2882,2743,4031,2661
4920921571804300,1283,1855,2882,2741,4048,2663
4920921571942700,1283,1855,2881,2742,4032,2662
4920921572274000,1283,1853,2881,2743,4033,2661
4920921572547800,1281,1959,2883,2744,4032,2662
4920921572681600,1334,1855,2880,2742,4031,2661
4920921572941400,1283,1855,2881,2744,4035,2661
4920921573208900,1284,1855,2917,2743,4033,2658
4920921573458500,1284,1856,2881,2743,4031,2661
4920921573572400,1283,1857,2882,2742,4034,2660
4920921573640000,1283,1856,2883,2743,4041,2660
4920921573707100,1284,1856,2884,2742,4031,2661
4920921573787300,1409,1855,2882,2742,4031,2661
4920921573871100,1282,1856,2882,2742,4034,2660
4920921573942600,1284,1856,2881,2743,4034,2659
4920921574007200,1283,1856,2882,2742,4033,2663
4920921574071500,1285,1856,2881,2742,4032,2662
4920921574138000,1284,1856,2883,2742,4032,2660
4920921574203800,1284,1856,2882,2744,4032,2662
4920921574295600,1284,1856,2883,2741,4032,2742
4920921574394000,1283,1856,2881,2741,4095,2662
4920921574475100,1282,1856,2882,2742,4033,2662
4920921574545700,1283,1855,2881,2744,4034,2661
4920921574622500,1284,1856,2884,2743,4032,2662
4920921574687600,1284,1856,2883,2744,4033,2661
4920921574750100,1284,1855,2884,2743,4033,2661
4920921574810700,1283,1856,2881,2742,4030,2662
4920921575343600,1283,1873,2882,2742,4028,2663
4920921575459500,1287,1856,2880,2742,4032,2661
4920921575521000,1283,1855,2881,2741,4032,2661
4920921575584900,1283,1855,2882,2742,4031,2660
4920921575651500,1285,1856,2881,2741,4080,2662
4920921575728800,1283,1856,2893,2743,4029,2662
4920921575928200,1284,1856,2882,2744,4031,2660
4920921576048700,1283,1857,2881,2741,4058,2662
4920921576128400,1284,1856,2883,2742,4095,2663
4920921576365700,1282,1856,2882,2741,4092,2661
4920921576456700,1283,1856,2882,2742,4038,2660
4920921576524500,1283,1857,2881,2742,4030,2661
4920921576598700,1286,1857,2882,2741,4095,2662
4920921576662600,1283,1856,2892,2743,4030,2661
4920921576765800,1283,1856,2882,2742,4030,2661
4920921576845800,1284,1855,2881,2740,4031,2661
4920921577021000,1283,1897,2884,2742,4054,2662
4920921577370100,1283,1708,2882,2742,4090,2661
4920921577473300,1286,1856,2883,2743,4032,2661
4920921577545900,1285,1854,2880,2744,4030,2661
4920921577600300,1285,1856,2882,2740,4095,2662
4920921577698600,1284,1855,2882,2742,4034,2782
4920921577890000,1284,1854,2904,2745,4031,2664
4920921578188300,1285,1854,2881,2744,4031,2661
4920921578379700,1283,1858,2881,2742,4074,2662
4920921578802500,1292,1856,2881,2742,4032,2661
4920921578942100,1283,1856,2882,2741,4032,2774
4920921579055000,1285,1854,2882,2742,4031,2661
4920921579147200,1283,1856,2882,2743,4061,2662
4920921579356700,1284,1856,2882,2743,4032,2663
4920921579467600,1285,1856,2883,2743,4032,2661
4920921579670400,1285,1856,2881,2744,4032,2661
4920921579757100,1284,1855,2882,2743,4031,2661
4920921579991300,1282,1855,2882,2748,4031,2662
4920921580075300,1284,1856,2884,2742,4032,2662
4920921580140800,1283,1855,2882,2742,4032,2714
4920921580269400,1284,1855,2882,2742,4031,2661
4920921580340100,1284,1857,2882,2742,4045,2662
4920921580430300,1283,1856,2883,2742,4032,2660
4920921580501200,1283,1856,2882,2745,4033,2662
4920921580560500,1282,1958,2883,2740,4033,2661
4920921580619200,1332,1855,2880,2742,4031,2661
4920921580677000,1283,1855,2880,2744,4034,2662
4920921580746100,1283,1856,2916,2743,4033,2658
4920921580806600,1283,1856,2882,2744,4031,2661
4920921580886100,1284,1856,2881,2744,4034,2661
4920921580950300,1283,1856,2883,2742,4032,2661
4920921581018600,1286,1856,2884,2740,4030,2661
4920921581093400,1407,1855,2882,2742,4033,2661
4920921581188600,1282,1856,2881,2743,4031,2661
4920921581287800,1283,1855,2881,2743,4032,2661
4920921581387500,1284,1857,2882,2742,4034,2663
4920921581507500,1285,1856,2881,2742,4029,2661
4920921581710900,1284,1856,2882,2742,4032,2660
4920921581839800,1284,1856,2883,2741,4032,2662
4920921581933700,1283,1856,2882,2742,4032,2740
4920921582053500,1284,1856,2880,2742,4095,2661
4920921582156600,1281,1856,2881,2743,4031,2661
4920921582253300,1283,1857,2881,2744,4031,2661
4920921582353300,1282,1856,2883,2741,4032,2662
4920921582535700,1282,1856,2882,2744,4029,2661
4920921582683500,1283,1855,2882,2743,4032,2662
4920921582775000,1282,1856,2882,2740,4078,2660
4920921582843800,1284,1873,2881,2742,4028,2664
4920921582912800,1286,1855,2880,2742,4031,2661
4920921582985700,1284,1855,2881,2743,4031,2660
4920921583050300,1282,1855,2882,2743,4033,2661
4920921583218200,1283,1856,2881,2741,4084,2662
4920921583334100,1284,1856,2892,2744,4029,2662
4920921583434300,1284,1855,2882,2743,4035,2661
4920921583526300,1284,1854,2882,2741,4056,2661
4920921583588500,1283,1857,2882,2742,4095,2663
4920921583660500,1282,1854,2882,2742,4088,2661
4920921583748500,1283,1856,2883,2741,4038,2659
4920921584087900,1282,1855,2882,2742,4029,2661
4920921584211400,1283,1856,2881,2742,4020,2662
4920921584298000,1284,1856,2892,2743,4032,2662
4920921584399700,1284,1856,2881,2743,4030,2662
4920921584510200,1285,1855,2881,2742,4034,2661
4920921584588600,1282,1898,2883,2742,4052,2662
4920921584684800,1284,1708,2882,2741,4090,2660
4920921584768400,1285,1855,2882,2742,4032,2661
4920921584842300,1283,1856,2882,2742,4032,2661
4920921584929200,1283,1856,2881,2742,3991,2662
4920921585001000,1283,1856,2883,2741,4032,2775
4920921585068000,1284,1856,2904,2743,4033,2664
4920921585131900,1283,1856,2881,2744,4032,2661
4920921585199800,1283,1855,2881,2742,4076,2662
4920921585292600,1293,1857,2880,2742,4033,2661
4920921585375300,1283,1856,2882,2743,4032,2779
4920921585450200,1286,1855,2881,2744,4032,2660
4920921585550800,1282,1856,2882,2742,4055,2662
4920921585659000,1283,1856,2882,2742,4032,2662
4920921585736300,1284,1856,2883,2742,4032,2662
4920921585809300,1284,1854,2882,2742,4028,2661
4920921585880700,1285,1855,2882,2743,4029,2662
4920921585953800,1284,1856,2882,2748,4030,2661
4920921586038300,1284,1856,2884,2741,4033,2662
4920921586101200,1284,1853,2881,2741,4031,2713
4920921586172400,1284,1856,2881,2743,4031,2661
4920921586237400,1286,1856,2882,2742,4044,2661
4920921586445200,1284,1856,2883,2743,4032,2661
4920921586811000,1285,1856,2883,2743,4034,2662
4920921587337100,1282,1965,2883,2743,4029,2729
4920921587449000,1334,1856,2881,2740,4032,2662
4920921587532800,1285,1857,2882,2744,4035,2660
4920921587844600,1283,1854,2918,2742,4033,2658
4920921588060200,1284,1855,2881,2743,4031,2660
4920921588606400,1283,1856,2881,2743,4031,2660
4920921588930800,1284,1855,2882,2742,4032,2661
4920921589168700,1283,1856,2884,2743,4030,2662
4920921589298000,1408,1855,2882,2742,4031,2662
4920921589514300,1284,1856,2882,2743,4031,2660
4920921589647500,1284,1857,2881,2743,4032,2661
4920921589869700,1284,1856,2881,2742,4035,2663
4920921590039900,1283,1856,2881,2741,4033,2661
4920921590169500,1284,1856,2883,2742,4031,2661
4920921590370500,1283,1856,2882,2742,4040,2661
4920921590519700,1283,1855,2882,2742,4029,2745
4920921590634900,1282,1856,2880,2741,4095,2661
4920921590713100,1284,1856,2883,2743,4031,2660
4920921590789100,1284,1855,2881,2742,4032,2662
4920921590852400,1284,1856,2883,2741,4032,2662
4920921590950700,1284,1857,2883,2743,4032,2662
4920921591057800,1283,1856,2883,2743,4033,2660
4920921591163500,1283,1856,2882,2741,4095,2661
4920921591250700,1285,1873,2882,2742,4028,2661
4920921591350200,1289,1854,2881,2742,4033,2661
4920921591430700,1284,1855,2881,2742,4033,2661
4920921591496000,1283,1855,2882,2742,4032,2661
4920921591568800,1285,1856,2881,2741,4078,2663
4920921591636600,1284,1857,2894,2744,4031,2662
4920921591716000,1284,1855,2882,2744,4030,2660
4920921591780800,1284,1857,2882,2741,4057,2661
4920921591841400,1284,1857,2882,2741,4095,2663
4920921591900800,1282,1856,2883,2741,4092,2661
4920921591959900,1284,1856,2881,2741,4040,2662
4920921592019500,1283,1855,2882,2743,4030,2661
4920921592079700,1284,1855,2882,2744,4095,2661
4920921592138300,1285,1855,2888,2744,4029,2662
4920921592233200,1284,1856,2883,2742,4029,2662
4920921592314400,1282,1855,2881,2743,4031,2661
4920921592423900,1283,1898,2882,2743,4054,2662
4920921592554600,1284,1710,2881,2741,4093,2661
4920921592683900,1287,1854,2883,2743,4034,2660
4920921592924100,1282,1856,2880,2742,4029,2661
4920921593030200,1284,1855,2882,2742,4095,2662
4920921593135600,1284,1856,2883,2741,4036,2775
4920921593232400,1284,1856,2902,2743,4033,2664
4920921593493300,1283,1856,2882,2743,4031,2661
4920921593732900,1282,1855,2881,2742,4077,2663
4920921593846000,1294,1855,2880,2744,4032,2661
4920921593969400,1283,1857,2882,2742,4033,2780
4920921594118500,1284,1856,2882,2744,4031,2663
4920921594270900,1282,1856,2883,2742,4033,2662
4920921594357700,1283,1855,2881,2742,4034,2661
4920921594610900,1284,1856,2881,2743,4032,2661
4920921594705900,1284,1856,2882,2743,4029,2661
4920921594954600,1282,1855,2882,2743,4030,2663
4920921595042000,1282,1855,2880,2748,4031,2661
4920921595118300,1284,1855,2884,2742,4032,2662
4920921595232200,1283,1854,2881,2742,4032,2712
4920921595482500,1284,1856,2882,2742,4031,2662
4920921595604200,1284,1856,2881,2740,4044,2662
4920921595720600,1283,1856,2883,2743,4030,2660
4920921595810000,1284,1856,2882,2745,4027,2661
4920921595911400,1284,1963,2883,2743,4032,2662
4920921596277800,1332,1856,2881,2742,4030,2661
4920921596461000,1284,1855,2881,2743,4036,2661
4920921596618200,1284,1856,2916,2743,4033,2658
4920921596750900,1283,1855,2881,2743,4031,2662
4920921596847400,1284,1856,2881,2742,4033,2661
4920921596929000,1283,1856,2883,2744,4032,2660
4920921597000900,1285,1856,2884,2743,4030,2662
4920921597077500,1409,1855,2881,2743,4031,2661
4920921597188400,1282,1856,2881,2743,4032,2661
4920921597299200,1283,1856,2881,2742,4032,2661
4920921597372600,1284,1856,2882,2742,4032,2663
4920921597467700,1282,1856,2881,2742,4033,2662
4920921597560700,1284,1856,2883,2742,4029,2661
4920921597722600,1284,1856,2883,2741,4032,2661
4920921597801400,1284,1856,2882,2742,4030,2743
4920921597870700,1284,1856,2881,2740,4095,2662
4920921597933100,1283,1855,2882,2742,4031,2661
4920921598011800,1283,1856,2881,2744,4029,2660
4920921598098600,1282,1856,2883,2741,4033,2662
4920921598171200,1284,1856,2883,2743,4032,2661
4920921598253000,1284,1855,2882,2743,4033,2661
4920921598321700,1283,1856,2881,2741,4095,2661
4920921598593100,1284,1872,2882,2742,4026,2662
4920921598683500,1287,1856,2880,2742,4033,2662
4920921598749600,1284,1856,2882,2743,4032,2661
4920921598827500,1282,1855,2882,2742,4032,2661
4920921598892100,1284,1855,2881,2741,4080,2662
4920921598968400,1284,1856,2890,2743,4032,2662
4920921599062100,1284,1855,2883,2743,4031,2660
4920921599133900,1283,1856,2881,2741,4058,2661
4920921599191800,1285,1857,2883,2741,4095,2665
4920921599259200,1281,1855,2882,2742,4094,2661
4920921599336500,1281,1856,2882,2742,4040,2661
4920921599421100,1282,1856,2882,2743,4032,2661
4920921599504900,1283,1857,2882,2741,4095,2663
4920921599568200,1283,1856,2894,2743,4032,2662
4920921599644900,1283,1855,2882,2742,4032,2662
4920921599734900,1284,1855,2881,2743,4034,2661
4920921599819100,1283,1899,2883,2742,4052,2663
4920921599932300,1282,1709,2882,2742,4090,2661
4920921600001000,1287,1856,2883,2742,4032,2660
4920921600066100,1284,1855,2880,2742,4031,2662
4920921600133300,1284,1856,2882,2742,4095,2661
4920921600281300,1284,1855,2882,2742,4034,2784
4920921600372300,1281,1857,2902,2743,4028,2664
4920921600437400,1284,1856,2882,2744,4030,2661
4920921600523600,1284,1855,2882,2741,4076,2663
4920921600608700,1292,1857,2880,2742,4031,2662
4920921600704300,1285,1856,2883,2744,4032,2776
4920921600911700,1285,1856,2881,2744,4032,2662
4920921601013800,1285,1857,2882,2741,4057,2661
4920921601103700,1285,1858,2882,2741,4032,2662
4920921601213200,1283,1856,2883,2742,4030,2661
4920921601310300,1282,1856,2883,2743,4029,2661
4920921601394600,1282,1855,2882,2743,4030,2663
4920921601568300,1283,1855,2880,2748,4030,2661
4920921601938700,1284,1855,2884,2742,4032,2662
4920921602088400,1283,1854,2882,2741,4031,2716
4920921602190000,1284,1855,2882,2743,4033,2660
4920921602310300,1284,1856,2882,2742,4044,2662
4920921602413000,1284,1856,2883,2743,4032,2662
4920921602518100,1284,1856,2883,2743,4027,2661
4920921602601000,1282,1968,2883,2743,4032,2662
4920921602699600,1335,1856,2880,2742,4029,2661
4920921602808800,1282,1857,2882,2744,4036,2660
4920921602901000,1284,1855,2918,2743,4031,2659
4920921602992600,1283,1855,2883,2743,4031,2662
4920922134571000,1283,1856,2881,2742,4031,2661
4920922135034200,1284,1855,2883,2742,4034,2661
4920922135397600,1284,1856,2885,2742,4031,2661
4920922136019300,1408,1855,2882,2743,4032,2661
4920922136505500,1281,1854,2882,2743,4031,2661
4920922136915400,1283,1857,2881,2742,4034,2660
4920922137154000,1283,1856,2883,2742,4035,2663
4920922137232900,1284,1856,2881,2742,4032,2661
4920922137537000,1284,1856,2883,2742,4031,2661
4920922137611600,1283,1856,2882,2742,4042,2661
4920922137662000,1284,1856,2882,2741,4029,2742
4920922137720400,1283,1856,2881,2742,4095,2661
4920922137765600,1283,1856,2882,2743,4033,2661
4920922137807000,1284,1855,2881,2744,4033,2661
4920922137851700,1283,1856,2883,2741,4032,2662
4920922137899800,1283,1855,2883,2742,4032,2661
4920922137959900,1283,1856,2883,2742,4031,2659
4920922138148600,1283,1856,2881,2742,4034,2661
4920922138444900,1283,1873,2881,2742,4028,2663
4920922138570500,1287,1855,2880,2742,4034,2662
4920922138985200,1284,1856,2882,2742,4031,2661
4920922139159900,1283,1855,2882,2742,4032,2660
4920922139240300,1284,1855,2881,2740,4080,2663
4920922139298600,1285,1857,2893,2743,4030,2662
4920922139352300,1283,1856,2882,2743,4031,2662
4920922139624300,1285,1857,2880,2741,4059,2661
4920922139737500,1282,1857,2883,2742,4095,2663
4920922139802500,1280,1856,2882,2741,4092,2661
4920922139886600,1283,1855,2881,2742,4031,2660
4920922139949700,1283,1857,2882,2743,4032,2661
4920922140461500,1284,1855,2882,2742,4095,2662
4920922140635200,1282,1855,2888,2743,4032,2660
4920922140855600,1284,1856,2883,2742,4031,2662
4920922140964800,1283,1856,2881,2742,4033,2661
4920922141253800,1284,1898,2883,2741,4052,2662
4920922141355400,1282,1708,2882,2742,4090,2661
4920922141422400,1286,1856,2883,2743,4032,2662
4920922141488000,1284,1855,2881,2742,4032,2661
4920922141537100,1283,1857,2881,2743,3993,2662
4920922141588500,1283,1855,2882,2742,4032,2782
4920922141634100,1286,1856,2901,2745,4032,2664
4920922141685600,1284,1855,2882,2743,4033,2661
4920922141732300,1284,1855,2881,2742,4080,2661
4920922141789000,1293,1856,2881,2742,4030,2661
4920922141835100,1282,1857,2882,2742,4034,2794
4920922141882700,1284,1856,2882,2743,4032,2661
4920922141926200,1283,1855,2881,2741,4033,2663
4920922142189300,1284,1857,2883,2742,4034,2662
4920922142255000,1283,1856,2884,2742,4032,2660
4920922142307300,1283,1856,2882,2743,4031,2661
4920922142358400,1284,1855,2882,2743,4030,2663
4920922142401300,1283,1855,2880,2748,4034,2661
4920922142448800,1284,1855,2884,2742,4032,2662
4920922142494000,1281,1855,2880,2741,4031,2703
4920922142544000,1284,1856,2881,2744,4031,2662
4920922142594700,1284,1857,2882,2742,4044,2661
4920922142648100,1284,1857,2883,2742,4029,2661
4920922142695000,1283,1856,2882,2743,4027,2661
4920922142744500,1282,1964,2883,2743,4032,2662
4920922142790100,1334,1856,2881,2742,4030,2661
4920922142835300,1286,1855,2880,2744,4036,2660
4920922142887900,1283,1856,2917,2743,4033,2658
4920922142931100,1283,1856,2881,2743,4032,2662
4920922142985100,1284,1857,2881,2742,4036,2660
4920922143035800,1286,1856,2882,2742,4032,2660
4920922143086900,1283,1856,2884,2743,4031,2661
4920922143135500,1409,1855,2882,2742,4031,2661
4920922143184400,1283,1856,2881,2742,4032,2662
4920922143229800,1282,1855,2881,2743,4030,2661
4920922143279400,1282,1858,2882,2741,4033,2662
4920922143331200,1283,1856,2882,2742,4032,2661
4920922143586400,1284,1856,2882,2742,4031,2660
4920922143657900,1284,1856,2883,2742,4042,2661
4920922143705500,1283,1854,2882,2741,4030,2743
4920922143748300,1284,1856,2881,2740,4095,2661
4920922143796400,1283,1854,2882,2743,4033,2661
4920922143841500,1284,1857,2881,2744,4034,2660
4920922143886600,1284,1856,2883,2741,4030,2662
4920922143951400,1284,1856,2883,2743,4032,2661
4920922144002000,1286,1856,2883,2744,4030,2661
4920922144050400,1284,1856,2881,2741,4095,2661
4920922144277100,1285,1872,2881,2742,4028,2662
4920922144341200,1287,1855,2881,2742,4032,2662
4920922144390100,1284,1856,2882,2743,4031,2660
4920922144438400,1283,1856,2880,2742,4032,2661
4920922144481700,1285,1855,2881,2740,4080,2663
4920922144525500,1283,1856,2892,2743,4030,2662
4920922144570900,1284,1857,2884,2744,4031,2659
4920922144785000,1284,1856,2882,2742,4058,2661
4920922144839100,1284,1857,2883,2741,4095,2665
4920922144888800,1282,1856,2882,2742,4094,2661
4920922144936400,1284,1856,2881,2742,4040,2662
4920922144982000,1283,1856,2882,2742,4030,2661
4920922145036200,1283,1856,2881,2742,4018,2661
4920922145078800,1282,1855,2886,2743,4031,2661
4920922145334700,1284,1855,2883,2742,4032,2662
4920922145456300,1283,1856,2881,2742,4034,2662
4920922145582100,1283,1898,2883,2742,4054,2663
4920922145747900,1283,1709,2882,2742,4090,2660
4920922145981700,1286,1856,2883,2743,4032,2661
4920922146229600,1282,1856,2882,2742,4032,2661
4920922146377200,1282,1856,2880,2742,4033,2663
4920922146552400,1284,1856,2882,2742,4034,2782
4920922146681900,1282,1856,2902,2743,4032,2664
4920922146765800,1283,1855,2881,2743,4028,2661
4920922147088300,1285,1855,2881,2741,4077,2663
4920922147502800,1293,1856,2881,2742,4031,2661
4920922147801500,1284,1856,2883,2741,4034,2790
4920922147942100,1283,1855,2882,2743,4033,2661
4920922148037300,1284,1856,2882,2743,4056,2662
4920922148599600,1282,1856,2882,2742,4033,2662
4920922148701600,1283,1856,2883,2743,4032,2661
4920922148760700,1284,1856,2882,2742,4029,2662
4920922148814400,1284,1855,2881,2743,4029,2662
4920922148866700,1282,1856,2882,2748,4030,2661
4920922148930600,1284,1856,2883,2743,4032,2662
4920922148985000,1282,1854,2882,2740,4031,2716
4920922149182700,1284,1857,2882,2743,4031,2662
4920922149241600,1284,1856,2881,2742,4045,2662
4920922149293700,1285,1855,2883,2742,4032,2661
4920922149345300,1284,1856,2883,2744,4033,2659
4920922149398000,1284,1962,2882,2744,4033,2661
4920922149447100,1334,1855,2880,2744,4031,2661
4920922149496700,1284,1855,2881,2744,4036,2662
4920922149567900,1283,1856,2918,2741,4033,2658
4920922149713200,1284,1855,2882,2743,4033,2661
4920922149780800,1283,1856,2882,2744,4031,2661
4920922149846600,1284,1856,2883,2742,4033,2660
4920922149899600,1284,1856,2884,2742,4031,2661
4920922149952900,1410,1855,2882,2742,4033,2661
4920922150013100,1282,1856,2881,2743,4033,2661
4920922150073600,1282,1855,2881,2743,4032,2660
4920922150123700,1283,1856,2882,2742,4034,2663
4920922150200700,1283,1856,2881,2743,4032,2661
4920922150264700,1283,1856,2883,2742,4032,2661
4920922150331500,1285,1856,2883,2741,4032,2661
4920922150405800,1283,1856,2882,2741,4030,2746
4920922150503200,1284,1855,2881,2742,4095,2661
4920922150755400,1285,1855,2882,2742,4033,2661
4920922150853200,1282,1855,2881,2744,4031,2661
4920922150912400,1284,1856,2883,2743,4032,2662
4920922150969600,1283,1856,2882,2743,4032,2661
4920922151052200,1283,1857,2883,2742,4032,2661
4920922151121400,1283,1855,2881,2742,4032,2661
4920922151190600,1284,1873,2882,2742,4028,2662
4920922151254700,1287,1856,2881,2742,4032,2661
4920922151603600,1284,1854,2883,2743,4033,2660
4920922151700000,1283,1856,2882,2743,4030,2661
4920922151990600,1283,1856,2881,2741,4084,2662
4920922152268700,1283,1856,2893,2743,4030,2661
4920922152349200,1284,1856,2883,2742,4034,2660
4920922152604700,1285,1855,2881,2741,4058,2661
4920922152824500,1285,1857,2882,2741,4095,2663
4920922153010600,1280,1856,2882,2742,4090,2661
4920922153117200,1284,1856,2881,2743,4036,2661
4920922153432000,1283,1856,2882,2742,4032,2660
4920922153518200,1283,1856,2881,2743,4020,2662
4920922153790800,1284,1856,2893,2744,4032,2661
4920922153880100,1283,1856,2882,2742,4031,2662
4920922154027400,1284,1855,2881,2742,4034,2661
4920922154089800,1283,1897,2883,2741,4052,2663
4920922154142600,1283,1708,2882,2742,4088,2661
4920922154193900,1287,1856,2883,2744,4033,2661
4920922154245700,1285,1855,2882,2742,4029,2661
4920922154301700,1283,1856,2881,2742,3990,2662
4920922154365100,1284,1855,2884,2741,4032,2782
4920922154423700,1282,1856,2901,2743,4031,2664
4920922154477400,1284,1855,2881,2744,4030,2660
4920922154530000,1284,1856,2882,2741,4076,2662
4920922154588300,1293,1855,2880,2742,4032,2662
4920922154639200,1282,1857,2882,2741,4032,2766
4920922154700400,1283,1856,2881,2743,4031,2661
4920922154820700,1284,1856,2882,2741,4056,2662
4920922154895800,1283,1856,2882,2742,4032,2662
4920922154965500,1283,1856,2882,2744,4028,2661
4920922155024400,1284,1856,2882,2742,4029,2660
4920922155077200,1282,1856,2882,2743,4028,2663
4920922155134600,1281,1855,2881,2748,4031,2661
4920922155241300,1284,1856,2884,2742,4032,2661
4920922155324900,1282,1854,2882,2742,4029,2714
4920922155390600,1283,1856,2882,2745,4034,2661
4920922155495400,1283,1856,2881,2740,4044,2663
4920922155691900,1285,1855,2883,2742,4032,2661
4920922155753100,1283,1856,2882,2743,4033,2662
4920922155818900,1284,1957,2883,2744,4033,2662
4920922155880800,1334,1855,2881,2742,4031,2661
4920922155938300,1284,1856,2881,2744,4034,2662
4920922156002600,1283,1854,2918,2745,4033,2658
4920922156099300,1283,1856,2881,2744,4033,2662
4920922156196200,1284,1856,2882,2743,4031,2661
4920922156264100,1284,1856,2884,2742,4032,2661
4920922156374500,1283,1856,2884,2743,4031,2661
4920922156452700,1409,1855,2882,2743,4031,2661
4920922156719600,1282,1856,2882,2744,4031,2661
4920922156804800,1283,1856,2881,2743,4032,2659
4920922156880300,1284,1856,2882,2742,4035,2662
4920922156945700,1282,1857,2881,2743,4029,2661
4920922157059600,1285,1856,2882,2742,4029,2660
4920922157127700,1284,1856,2882,2742,4040,2662
4920922157196000,1285,1856,2882,2740,4032,2740
4920922157255300,1282,1856,2880,2742,4095,2661
4920922157311800,1283,1856,2882,2743,4034,2661
4920922157372300,1284,1855,2882,2744,4032,2661
4920922157461800,1283,1856,2883,2743,4032,2662
4920922157523300,1284,1856,2882,2743,4032,2660
4920922157791200,1283,1856,2884,2742,4031,2661
4920922157870000,1284,1856,2881,2741,4095,2661
4920922158013400,1284,1872,2881,2742,4026,2662
4920922158127600,1286,1856,2881,2742,4033,2662
4920922158219800,1284,1855,2882,2743,4031,2661
4920922158308800,1282,1855,2882,2743,4031,2661
4920922158400000,1283,1857,2881,2741,4082,2662
4920922158510800,1284,1856,2894,2743,4030,2662
4920922158619600,1285,1855,2882,2744,4031,2660
4920922158715100,1284,1857,2881,2741,4056,2661
4920922158841500,1284,1856,2882,2741,4095,2665
4920922158974500,1282,1856,2882,2741,4095,2661
4920922159090900,1283,1856,2882,2743,4037,2662
4920922159182700,1282,1857,2882,2742,4032,2661
4920922159262000,1285,1856,2882,2741,4095,2662
4920922159335800,1283,1855,2888,2743,4029,2662
4920922159446600,1284,1856,2882,2742,4030,2662
4920922159528900,1285,1855,2881,2743,4034,2661
4920922159626900,1281,1896,2883,2742,4053,2972
4920922159711400,1283,1708,2882,2741,4090,2660
4920922159773200,1288,1856,2883,2743,4034,2661
4920922159842900,1283,1857,2882,2742,4032,2661
4920922159904000,1283,1856,2881,2742,3989,2662
4920922159971300,1284,1856,2884,2741,4033,2776
4920922160036000,1283,1856,2904,2745,4031,2664
4920922160092500,1283,1856,2881,2743,4032,2661
4920922160150300,1284,1856,2882,2742,4075,2663
4920922160214300,1292,1855,2881,2742,4031,2662
4920922160274500,1283,1856,2883,2743,4032,2766
4920922160346100,1285,1855,2881,2742,4033,2661
4920922160413000,1283,1856,2882,2742,4058,2663
4920922160485200,1284,1855,2882,2743,4034,2662
4920922160549400,1283,1856,2884,2742,4032,2661
4920922160608800,1283,1857,2882,2743,4029,2661
4920922160667200,1283,1854,2882,2742,4029,2662
4920922160741300,1282,1854,2881,2749,4031,2662
4920922160802300,1282,1857,2883,2742,4032,2662
4920922160922800,1283,1856,2881,2742,4030,2712
4920922160994800,1285,1856,2882,2742,4031,2662
4920922161109200,1283,1856,2881,2742,4045,2662
4920922161227700,1283,1856,2882,2741,4032,2660
4920922161326200,1283,1856,2883,2744,4027,2662
4920922161403400,1281,1957,2883,2744,4032,2662
4920922161481700,1332,1855,2881,2742,4031,2661
4920922161559300,1283,1855,2880,2744,4035,2659
4920922161618400,1284,1854,2917,2743,4031,2658
4920922161678000,1284,1855,2882,2743,4034,2661
4920922161736800,1285,1856,2882,2743,4034,2661
4920922161793800,1284,1855,2883,2744,4032,2661
4920922161852000,1285,1856,2884,2743,4031,2661
4920922161911700,1407,1855,2882,2743,4033,2660
4920922161981200,1282,1856,2882,2742,4033,2662
4920922162048700,1283,1855,2881,2744,4032,2661
4920922162104200,1284,1856,2882,2742,4032,2662
4920922162157600,1285,1852,2882,2741,4032,2661
4920922162251500,1284,1856,2883,2742,4032,2661
4920922162312600,1285,1856,2883,2742,4040,2661
4920922162438600,1284,1856,2882,2742,4030,2742
4920922162499000,1284,1856,2881,2742,4095,2661
4920922162556200,1283,1854,2881,2743,4033,2661
4920922162616900,1284,1855,2881,2742,4032,2661
4920922162679400,1284,1856,2883,2741,4030,2662
4920922162736800,1286,1855,2882,2744,4033,2661
4920922162795100,1284,1856,2884,2743,4030,2661
4920922162865500,1283,1856,2881,2740,4076,2661
4920922162926900,1285,1872,2882,2742,4028,2661
4920922162983000,1287,1855,2880,2742,4034,2662
4920922163037100,1285,1856,2882,2742,4033,2662
4920922163153800,1283,1856,2878,2743,4031,2661
4920922163212700,1283,1856,2881,2741,4077,2662
4920922163270900,1284,1856,2892,2744,4032,2661
4920922163336500,1285,1855,2882,2744,4031,2661
4920922163417100,1283,1856,2881,2741,4060,2661
4920922163483000,1283,1858,2883,2742,4095,2665
4920922163546500,1284,1856,2882,2741,4093,2661
4920922163627600,1282,1854,2882,2742,4030,2662
4920922163713900,1283,1855,2882,2742,4030,2661
4920922163789800,1283,1857,2883,2741,4032,2662
4920922703690400,1284,1856,2892,2743,4031,2662
4920922704231500,1283,1855,2882,2742,4032,2662
4920922704528500,1284,1855,2881,2743,4033,2661
4920922704775300,1282,1897,2883,2743,4052,2662
4920922705051500,1281,1708,2883,2740,4092,2661
4920922705346300,1287,1856,2884,2743,4030,2661
4920922705574800,1286,1855,2882,2741,4029,2660
4920922705850300,1284,1856,2882,2742,4095,2661
4920922705945100,1283,1856,2883,2741,4034,2783
4920922706125700,1284,1856,2902,2745,4029,2664
4920922706245600,1284,1854,2881,2742,4031,2660
4920922706337200,1284,1855,2882,2742,4076,2663
4920922706673000,1292,1856,2881,2742,4034,2661
4920922706746200,1283,1857,2882,2741,4034,2777
4920922707140000,1284,1856,2881,2744,4029,2661
4920922707511000,1284,1856,2883,2743,4031,2662
4920922707789900,1284,1856,2881,2742,4032,2661
4920922707864300,1284,1855,2884,2743,4033,2661
4920922707940300,1284,1855,2882,2743,4029,2661
4920922708199800,1283,1855,2882,2742,4029,2662
4920922708486800,1283,1855,2880,2748,4034,2662
4920922708759900,1283,1878,2884,2741,4033,2662
4920922708944200,1284,1855,2881,2742,4032,2712
4920922709067100,1282,1856,2882,2743,4031,2661
4920922709129500,1283,1856,2882,2742,4045,2662
4920922709189000,1284,1856,2883,2743,4030,2660
4920922709569700,1285,1855,2882,2743,4034,2661
4920922709991400,1284,1958,2882,2743,4033,2661
4920922710128500,1334,1856,2881,2742,4032,2662
4920922710202000,1284,1855,2881,2747,4034,2662
4920922710283700,1283,1856,2916,2743,4031,2658
4920922710368100,1283,1855,2881,2743,4031,2662
4920922710664200,1284,1856,2882,2743,4033,2661
4920922710751200,1284,1856,2882,2742,4032,2660
4920922710976500,1283,1855,2884,2743,4031,2661
4920922711072300,1407,1855,2882,2743,4033,2661
4920922711143400,1281,1856,2882,2742,4032,2661
4920922711217300,1283,1855,2881,2742,4034,2661
4920922711294300,1284,1856,2883,2742,4037,2662
4920922711412300,1283,1856,2882,2742,4032,2661
4920922711508200,1284,1856,2882,2743,4031,2660
4920922711576600,1283,1856,2882,2742,4040,2662
4920922711711600,1282,1856,2881,2742,4029,2740
4920922711814000,1284,1855,2881,2741,4095,2662
4920922711895400,1283,1855,2881,2743,4033,2661
4920922712190700,1284,1855,2881,2744,4032,2661
4920922712346900,1284,1856,2885,2741,4032,2664
4920922712514400,1282,1857,2881,2743,4032,2661
4920922712618100,1284,1856,2883,2742,4030,2660
4920922712738000,1283,1856,2881,2742,4032,2662
4920922712843600,1285,1874,2882,2744,4029,2662
4920922712918600,1286,1856,2881,2744,4031,2661
4920922713012400,1284,1855,2881,2743,4033,2661
4920922713112100,1283,1856,2882,2742,4032,2661
4920922713179200,1284,1856,2881,2742,4078,2662
4920922713256800,1284,1856,2892,2744,4029,2662
4920922713560300,1284,1856,2884,2743,4033,2661
4920922713633500,1285,1856,2882,2741,4058,2661
4920922713701600,1284,1856,2881,2741,4095,2663
4920922713766500,1282,1856,2881,2742,4092,2661
4920922713827600,1284,1856,2882,2743,4040,2661
4920922713889000,1284,1856,2882,2742,4030,2661
4920922713944700,1284,1856,2881,2741,4020,2661
4920922714005200,1286,1856,2892,2742,4030,2662
4920922714065000,1283,1855,2882,2741,4032,2662
4920922714125400,1282,1855,2881,2743,4031,2661
4920922714283400,1282,1897,2882,2743,4054,2662
4920922714411800,1282,1708,2881,2741,4092,2661
4920922714520800,1286,1855,2883,2742,4032,2661
4920922714604800,1284,1857,2882,2742,4032,2661
4920922714729200,1284,1856,2882,2742,4095,2661
4920922714841500,1283,1856,2882,2741,4034,2780
4920922715120900,1283,1856,2901,2743,4033,2664
4920922715242800,1283,1856,2882,2744,4029,2661
4920922715329000,1284,1855,2881,2742,4076,2662
4920922715414400,1291,1856,2881,2742,4030,2662
4920922715493100,1285,1856,2883,2741,4034,2784
4920922715558800,1284,1856,2881,2742,4033,2662
4920922715623200,1283,1855,2882,2742,4056,2662
4920922715900700,1284,1855,2882,2743,4032,2662
4920922716113900,1283,1856,2883,2743,4030,2661
4920922716226700,1282,1856,2882,2742,4029,2661
4920922716348700,1282,1857,2883,2743,4028,2662
4920922716461500,1282,1855,2880,2749,4030,2662
4920922716830400,1284,1855,2883,2742,4032,2663
4920922717017600,1284,1856,2881,2743,4030,2712
4920922717134000,1284,1856,2882,2743,4031,2661
4920922717238300,1283,1856,2881,2741,4048,2662
4920922717318100,1285,1855,2881,2742,4032,2661
4920922717426700,1284,1855,2882,2743,4033,2661
4920922717519300,1283,1958,2883,2743,4032,2662
4920922717807400,1332,1855,2881,2743,4031,2662
4920922717910200,1284,1855,2881,2744,4033,2659
4920922718028300,1283,1856,2917,2743,4031,2659
4920922718350000,1282,1856,2881,2743,4032,2662
4920922718456800,1285,1857,2881,2742,4034,2661
4920922718679500,1283,1857,2883,2740,4032,2661
4920922718796600,1284,1853,2882,2742,4031,2658
4920922719035500,1408,1855,2882,2742,4033,2661
4920922719150900,1283,1856,2881,2742,4032,2661
4920922719268600,1282,1856,2881,2743,4030,2659
4920922719452300,1285,1856,2882,2742,4036,2663
4920922719570600,1284,1856,2881,2742,4030,2661
4920922719671300,1283,1856,2883,2743,4031,2661
4920922719777500,1286,1856,2883,2742,4040,2661
4920922719862200,1283,1856,2882,2741,4032,2742
4920922719930800,1284,1855,2881,2740,4095,2661
4920922720041700,1283,1856,2882,2743,4032,2661
4920922720096100,1284,1855,2881,2742,4030,2661
4920922720183800,1283,1857,2884,2743,4032,2662
4920922720251100,1285,1856,2882,2743,4032,2661
4920922720307700,1285,1856,2882,2743,4033,2661
4920922720364300,1283,1856,2881,2742,4030,2661
4920922720420400,1284,1874,2882,2742,4029,2662
4920922720478700,1287,1855,2880,2741,4033,2662
4920922720725200,1284,1855,2881,2742,4031,2661
4920922721039900,1283,1855,2882,2742,4031,2660
4920922721104400,1283,1856,2881,2741,4080,2663
4920922721170500,1282,1856,2896,2743,4029,2661
4920922721226700,1284,1856,2883,2743,4033,2661
4920922721282300,1283,1857,2881,2743,4057,2661
4920922721424000,1283,1858,2883,2746,4095,2665
4920922721500700,1282,1854,2882,2741,4095,2662
4920922721565600,1284,1855,2882,2742,4032,2661
4920922721640200,1283,1856,2882,2742,4032,2661
4920922721741600,1285,1856,2881,2741,4019,2661
4920922721841200,1284,1857,2894,2743,4029,2661
4920922722062800,1283,1856,2883,2742,4031,2662
4920922722198300,1283,1855,2881,2742,4031,2661
4920922722317700,1284,1897,2883,2740,4052,2663
4920922722446000,1282,1709,2883,2741,4090,2661
4920922722547900,1287,1855,2883,2743,4030,2661
4920922722636900,1283,1856,2881,2742,4032,2661
4920922722711400,1284,1856,2881,2744,3991,2662
4920922722894400,1284,1855,2883,2743,4034,2778
4920922722996000,1283,1856,2902,2745,4030,2664
4920922723066800,1283,1855,2881,2743,4032,2661
4920922723126500,1285,1855,2881,2742,4078,2661
4920922723207500,1292,1857,2881,2742,4033,2661
4920922723274500,1283,1856,2883,2741,4034,2772
4920922723328400,1285,1856,2882,2743,4031,2662
4920922723405100,1284,1855,2881,2741,4034,2662
4920922723479200,1283,1856,2881,2743,4032,2663
4920922723537800,1284,1856,2885,2743,4032,2661
4920922723593700,1283,1854,2882,2742,4032,2661
4920922723648600,1283,1855,2881,2743,4030,2662
4920922723704300,1283,1855,2880,2748,4030,2662
4920922723777000,1284,1856,2883,2742,4033,2662
4920922723833200,1282,1855,2881,2742,4031,2711
4920922723890200,1284,1856,2882,2741,4031,2661
4920922723950500,1285,1855,2882,2742,4044,2662
4920922724010100,1283,1855,2883,2742,4032,2661
4920922724069100,1283,1856,2882,2743,4032,2661
4920922724163600,1282,1964,2884,2743,4032,2661
4920922724314800,1334,1855,2881,2742,4030,2661
4920922724399700,1284,1855,2882,2743,4036,2661
4920922724479400,1284,1854,2917,2743,4033,2658
4920922724555300,1283,1856,2882,2744,4033,2662
4920922724618300,1283,1856,2882,2742,4034,2661
4920922724678200,1285,1854,2883,2741,4042,2660
4920922724738900,1284,1855,2884,2741,4031,2661
4920922724800400,1410,1855,2882,2743,4032,2660
4920922724879800,1282,1856,2882,2743,4032,2661
4920922724946000,1283,1856,2881,2743,4032,2660
4920922725017800,1283,1856,2882,2742,4034,2662
4920922725081700,1283,1856,2882,2742,4032,2663
4920922725142400,1284,1855,2882,2742,4031,2661
4920922725203000,1284,1854,2882,2742,4040,2662
4920922725262600,1284,1856,2882,2742,4032,2743
4920922725324300,1283,1855,2881,2740,4095,2661
4920922725459700,1282,1856,2882,2742,4032,2661
4920922725532200,1283,1857,2881,2744,4030,2661
4920922725592900,1283,1857,2885,2741,4032,2662
4920922725655300,1282,1856,2882,2743,4032,2661
4920922725732200,1283,1856,2882,2743,4033,2661
4920922725800800,1284,1856,2882,2741,4095,2661
4920922726053100,1284,1874,2882,2742,4029,2663
4920922726122400,1287,1855,2880,2744,4033,2661
4920922726195500,1282,1855,2882,2744,4032,2660
4920922726296700,1284,1854,2882,2742,4032,2660
4920922726354200,1283,1856,2881,2740,4079,2663
4920922726420600,1285,1856,2893,2743,4031,2661
4920922726474400,1282,1857,2883,2744,4031,2661
4920922726541000,1283,1857,2881,2741,4058,2662
4920922726601800,1282,1859,2881,2742,4095,2663
4920922726673600,1282,1856,2882,2741,4091,2662
4920922726740300,1283,1856,2881,2742,4040,2662
4920922726800200,1282,1856,2882,2743,4030,2660
4920922726930700,1284,1855,2883,2741,4032,2662
4920922726995500,1282,1856,2892,2744,4031,2661
4920922727055700,1284,1855,2883,2742,4031,2662
4920922727114900,1285,1855,2881,2743,4031,2661
4920922727173900,1284,1897,2883,2741,4052,2663
4920922727246000,1283,1708,2882,2743,4088,2661
4920922727315800,1286,1855,2883,2743,4032,2661
4920922727392200,1284,1856,2882,2741,4032,2661
4920922727493800,1283,1856,2881,2742,3988,2662
4920922727595000,1283,1856,2882,2742,4032,2778
4920922727660000,1283,1856,2904,2743,4032,2664
4920922727810100,1284,1856,2881,2743,4031,2661
4920922727904800,1286,1856,2882,2742,4078,2662
4920922728028000,1293,1855,2881,2742,4034,2661
4920922728141300,1284,1856,2882,2742,4034,2773
4920922728239900,1284,1856,2881,2742,4029,2660
4920922728323100,1283,1856,2882,2742,4057,2662
4920922728387800,1283,1856,2882,2741,4029,2663
4920922728461200,1283,1856,2884,2742,4032,2661
4920922728557100,1284,1854,2882,2743,4029,2661
4920922728617000,1282,1855,2882,2741,4030,2663
4920922728675800,1284,1855,2880,2748,4031,2661
4920922728735400,1283,1877,2883,2742,4032,2662
4920922728796400,1283,1855,2881,2743,4030,2712
4920922728878200,1282,1856,2882,2743,4031,2661
4920922728951300,1285,1856,2882,2742,4046,2662
4920922729023300,1283,1857,2883,2742,4032,2660
4920922729083900,1283,1856,2882,2744,4027,2661
4920922729142700,1282,1963,2883,2743,4032,2662
4920922729314100,1336,1855,2881,2742,4031,2662
4920922729408600,1283,1855,2881,2743,4034,2659
4920922729490900,1283,1854,2917,2743,4032,2658
4920922729575800,1282,1856,2882,2743,4033,2661
4920922729667100,1284,1856,2881,2742,4033,2661
4920922729736000,1283,1856,2883,2742,4032,2661
4920922729843300,1284,1856,2884,2743,4031,2663
4920922729948800,1409,1855,2882,2743,4030,2661
4920922730049200,1283,1856,2883,2743,4029,2661
4920922730127600,1284,1858,2881,2744,4032,2661
4920922730198200,1284,1856,2882,2742,4036,2662
4920922730263300,1283,1856,2881,2742,4032,2662
4920922730327400,1284,1855,2884,2743,4033,2660
4920922730390500,1283,1854,2882,2743,4032,2662
4920922730452300,1284,1856,2882,2741,4032,2744
4920922730513400,1283,1856,2881,2740,4095,2661
4920922730573500,1283,1854,2881,2743,4031,2660
4920922730632600,1284,1855,2881,2742,4030,2660
4920922730693300,1284,1856,2883,2741,4032,2662
4920922730752900,1283,1856,2882,2744,4032,2660
4920922730813900,1284,1855,2884,2742,4034,2659
4920922730873500,1282,1856,2881,2740,4076,2661
4920922730994500,1285,1872,2882,2742,4028,2661
4920922731058200,1287,1855,2880,2742,4033,2662
4920922731123700,1284,1854,2882,2743,4032,2660
4920922731189500,1283,1856,2882,2742,4030,2661
4920922731253800,1284,1855,2881,2741,4080,2662
4920922731313900,1283,1856,2893,2743,4030,2662
4920922731400800,1282,1856,2883,2744,4033,2661
4920922731476900,1283,1857,2882,2740,4056,2661
4920922731544800,1283,1857,2882,2742,4095,2663
4920922731610700,1282,1856,2883,2741,4090,2661
4920922731686300,1284,1856,2881,2743,4040,2660
4920922731760700,1281,1856,2882,2742,4029,2661
4920922731825300,1284,1856,2882,2740,4095,2663
4920922731886400,1284,1856,2892,2743,4030,2661
4920922731949400,1283,1855,2882,2742,4032,2663
4920922732008500,1283,1855,2881,2742,4031,2661
4920922732173000,1283,1895,2879,2742,4054,2663
4920922732235300,1283,1708,2882,2742,4092,2661
4920922732307900,1286,1856,2883,2743,4034,2661
4920922732391600,1283,1856,2881,2744,4030,2661
4920922732455300,1285,1856,2881,2742,3991,2661
4920922732514700,1284,1856,2882,2742,4032,2782
4920922732574300,1282,1856,2904,2745,4032,2664
4920922732632000,1283,1855,2882,2744,4032,2660
4920922732695600,1284,1855,2882,2742,4080,2663
4920922732755600,1292,1857,2881,2744,4033,2661
4920922732810500,1282,1856,2883,2741,4034,2774
4920922732868100,1284,1854,2881,2743,4031,2660
4920922732934900,1284,1856,2881,2743,4031,2663
4920922733045400,1283,1856,2882,2742,4032,2662
4920922733121600,1283,1856,2882,2743,4032,2661
4920922733207400,1283,1856,2882,2742,4029,2661
4920922733284700,1285,1855,2882,2744,4029,2662
4920922733397600,1281,1855,2880,2748,4033,2661
4920922733558000,1283,1876,2884,2742,4032,2662
4920922733632100,1283,1854,2881,2742,4030,2714
4920922733744600,1282,1855,2882,2743,4031,2662
4920922733806100,1283,1856,2882,2741,4048,2663
4920922733866300,1283,1855,2882,2741,4032,2662
4920922733923400,1281,1856,2882,2743,4032,2661
4920922733980700,1281,1960,2883,2743,4032,2661
4920922734037800,1334,1856,2880,2742,4029,2661
4920922734103900,1284,1855,2880,2744,4036,2660
4920922734166400,1283,1855,2916,2743,4033,2659
4920922734552600,1283,1855,2882,2743,4032,2661
4920923271001100,1285,1856,2881,2742,4031,2661
4920923271214900,1284,1855,2883,2742,4032,2660
4920923271386900,1285,1855,2884,2743,4031,2661
4920923271602700,1410,1855,2882,2743,4031,2661
4920923272047000,1282,1856,2881,2743,4033,2661
4920923272379900,1283,1855,2881,2744,4030,2659
4920923272621400,1283,1855,2882,2742,4034,2663
4920923272693100,1283,1857,2882,2742,4033,2662
4920923273002200,1283,1857,2882,2743,4030,2660
4920923273253000,1284,1854,2882,2742,4040,2661
4920923273379600,1283,1856,2881,2741,4029,2742
4920923273829700,1284,1856,2881,2741,4095,2662
4920923274099600,1282,1856,2881,2745,4031,2662
4920923274427700,1283,1854,2881,2744,4032,2660
4920923274545800,1283,1856,2883,2741,4032,2662
4920923274907700,1284,1856,2883,2743,4032,2661
4920923275098200,1284,1855,2884,2744,4035,2660
4920923275175700,1284,1856,2881,2742,4032,2661
4920923275240200,1283,1872,2882,2742,4028,2662
4920923275313200,1288,1855,2881,2740,4032,2662
4920923275379800,1284,1854,2881,2741,4034,2661
4920923275445800,1285,1855,2881,2742,4033,2662
4920923275504700,1284,1856,2881,2740,4077,2663
4920923275586200,1283,1856,2892,2744,4031,2660
4920923275771100,1282,1857,2883,2744,4029,2662
4920923276040300,1284,1857,2881,2741,4058,2661
4920923276134200,1283,1857,2882,2743,4095,2663
4920923276352700,1282,1854,2882,2742,4094,2661
4920923276422300,1284,1856,2881,2743,4038,2662
4920923276493500,1282,1855,2882,2742,4030,2661
4920923276702400,1284,1855,2881,2741,4018,2663
4920923276987600,1282,1857,2894,2744,4030,2662
4920923277424200,1283,1856,2883,2742,4032,2662
4920923277775900,1285,1855,2881,2742,4034,2661
4920923277943400,1282,1895,2883,2742,4054,2663
4920923278359100,1283,1709,2883,2741,4090,2661
4920923278476400,1288,1855,2883,2742,4033,2662
4920923278769100,1283,1855,2880,2742,4030,2661
4920923279106000,1284,1856,2881,2742,3991,2661
4920923279202100,1283,1856,2883,2742,4032,2780
4920923279269800,1284,1856,2901,2745,4030,2665
4920923279370600,1284,1854,2881,2743,4029,2661
4920923279435800,1283,1855,2882,2741,4076,2663
4920923279513100,1292,1856,2881,2742,4031,2661
4920923279595400,1284,1857,2882,2741,4036,2774
4920923279665400,1284,1856,2881,2742,4031,2661
4920923279983700,1283,1856,2882,2743,4058,2661
4920923280075000,1283,1856,2881,2742,4032,2662
4920923280163600,1283,1856,2883,2743,4030,2660
4920923280237400,1285,1854,2882,2743,4032,2661
4920923280299200,1284,1857,2881,2743,4031,2662
4920923280363800,1283,1855,2880,2748,4033,2661
4920923280469600,1284,1856,2883,2742,4032,2662
4920923280549900,1283,1854,2882,2741,4032,2714
4920923280616200,1284,1855,2881,2744,4029,2661
4920923280887400,1283,1856,2882,2742,4044,2662
4920923280951500,1285,1856,2883,2742,4032,2660
4920923281015300,1281,1856,2882,2744,4033,2661
4920923281089000,1282,1958,2883,2743,4030,2662
4920923281156800,1334,1855,2880,2744,4031,2662
4920923281224200,1283,1855,2881,2744,4035,2659
4920923281288900,1284,1856,2918,2745,4033,2658
4920923281351200,1284,1856,2880,2744,4030,2662
4920923281696900,1285,1856,2881,2742,4031,2661
4920923281864200,1284,1856,2884,2742,4032,2660
4920923281975700,1284,1856,2884,2742,4033,2661
4920923282131300,1409,1855,2881,2742,4031,2661
4920923282398400,1282,1856,2882,2743,4033,2662
4920923282483700,1284,1856,2881,2742,4034,2661
4920923282544800,1284,1856,2882,2742,4035,2662
4920923282735300,1284,1856,2882,2742,4033,2661
4920923282832700,1283,1856,2882,2742,4031,2661
4920923282901200,1284,1856,2883,2742,4040,2662
4920923282962700,1283,1856,2881,2741,4029,2744
4920923283037200,1281,1856,2881,2741,4095,2662
4920923283108600,1283,1855,2883,2742,4031,2662
4920923283185300,1282,1856,2881,2744,4032,2661
4920923283420400,1284,1856,2883,2743,4033,2663
4920923283503400,1284,1856,2882,2744,4032,2661
4920923283816900,1283,1856,2882,2742,4031,2661
4920923284074800,1283,1857,2881,2740,4078,2661
4920923284289700,1284,1872,2882,2743,4028,2662
4920923284575200,1287,1856,2880,2744,4033,2662
4920923284881500,1283,1855,2882,2742,4031,2661
4920923285152100,1283,1856,2882,2742,4030,2660
4920923285373000,1283,1857,2881,2741,4080,2663
4920923285462700,1282,1857,2896,2743,4032,2662
4920923285575100,1283,1855,2884,2744,4033,2662
4920923285851600,1284,1857,2882,2741,4059,2662
4920923286198400,1284,1858,2882,2740,4095,2663
4920923286389600,1280,1856,2882,2741,4090,2662
4920923286515400,1282,1856,2882,2742,4040,2661
4920923286727500,1283,1856,2883,2742,4030,2661
4920923286845300,1285,1856,2881,2741,4018,2663
4920923287066600,1284,1856,2892,2744,4031,2661
4920923287165900,1283,1856,2882,2744,4033,2662
4920923287246700,1285,1855,2881,2743,4033,2661
4920923287354400,1283,1897,2883,2741,4056,2662
4920923287451800,1284,1708,2883,2742,4090,2661
4920923287533100,1286,1856,2883,2743,4034,2660
4920923287653800,1283,1856,2882,2741,4032,2661
4920923287746000,1283,1856,2882,2742,4095,2662
4920923287831900,1284,1857,2882,2742,4032,2778
4920923287928900,1285,1856,2904,2745,4030,2665
4920923288002300,1282,1856,2880,2741,4031,2660
4920923288071200,1284,1856,2882,2741,4081,2663
4920923288152600,1293,1853,2880,2742,4031,2661
4920923288236000,1284,1856,2882,2741,4034,2776
4920923288312900,1284,1856,2881,2742,4032,2662
4920923288382500,1283,1857,2882,2743,4057,2662
4920923288471700,1284,1856,2882,2742,4032,2662
4920923288545900,1284,1856,2888,2743,4032,2661
4920923288623600,1283,1855,2881,2743,4028,2661
4920923288744200,1282,1857,2882,2743,4028,2662
4920923288838900,1280,1855,2880,2748,4031,2661
4920923288948900,1283,1877,2884,2741,4032,2662
4920923289048200,1282,1856,2882,2743,4032,2715
4920923289121900,1283,1855,2882,2743,4031,2661
4920923289179300,1283,1856,2881,2742,4044,2663
4920923289260100,1284,1856,2883,2742,4032,2661
4920923289339500,1283,1855,2882,2743,4032,2661
4920923289436600,1282,1962,2883,2743,4032,2661
4920923289518800,1333,1856,2880,2742,4030,2661
4920923289590800,1284,1855,2879,2744,4034,2662
4920923289653000,1283,1856,2918,2743,4031,2658
4920923289709900,1285,1856,2881,2744,4033,2662
4920923289772000,1283,1857,2882,2743,4033,2661
4920923289834900,1283,1855,2883,2742,4034,2660
4920923289895100,1284,1855,2884,2743,4035,2662
4920923289955200,1408,1855,2882,2742,4031,2662
4920923290019300,1282,1856,2882,2743,4031,2661
4920923290078200,1283,1855,2881,2744,4033,2661
4920923290153400,1283,1856,2883,2742,4036,2663
4920923290360700,1283,1856,2882,2742,4030,2662
4920923290446000,1284,1856,2883,2742,4032,2661
4920923290535200,1284,1856,2882,2742,4042,2662
4920923290606000,1283,1854,2883,2741,4032,2742
4920923290681800,1284,1855,2881,2741,4095,2661
4920923290857800,1283,1856,2882,2742,4032,2661
4920923291020700,1284,1857,2881,2744,4032,2660
4920923291183900,1283,1856,2883,2741,4033,2661
4920923291511400,1284,1857,2883,2744,4032,2662
4920923291667200,1284,1855,2883,2743,4032,2660
4920923291910800,1284,1856,2882,2741,4095,2661
4920923292159900,1284,1872,2882,2742,4026,2663
4920923292235900,1287,1855,2880,2741,4032,2663
4920923292315600,1284,1856,2882,2743,4033,2662
4920923292417500,1283,1855,2881,2742,4031,2661
4920923292532100,1283,1856,2881,2740,4075,2662
4920923292638900,1285,1855,2888,2743,4028,2662
4920923292755000,1284,1855,2884,2744,4031,2659
4920923292868500,1284,1857,2881,2741,4058,2661
4920923292949600,1281,1856,2883,2742,4095,2664
4920923293028800,1282,1856,2882,2742,4093,2661
4920923293104500,1285,1856,2882,2741,4040,2661
4920923293168100,1283,1857,2882,2743,4030,2661
4920923293231400,1284,1857,2880,2741,4031,2662
4920923293431200,1282,1855,2886,2742,4028,2662
4920923293513900,1283,1856,2882,2741,4032,2663
4920923293572500,1282,1855,2881,2742,4033,2661
4920923293631900,1283,1898,2883,2742,4052,2662
4920923293694000,1283,1708,2882,2742,4090,2662
4920923293758700,1286,1856,2883,2742,4031,2661
4920923293851100,1284,1855,2881,2742,4029,2661
4920923293937800,1284,1856,2882,2742,4095,2662
4920923294012300,1284,1855,2883,2741,4034,2778
4920923294168200,1284,1856,2904,2745,4030,2664
4920923294253800,1283,1855,2881,2742,4032,2661
4920923294350700,1282,1855,2882,2741,4072,2662
4920923294417700,1293,1856,2881,2741,4033,2662
4920923294511700,1285,1856,2882,2741,4036,2774
4920923294581100,1285,1856,2881,2744,4032,2661
4920923294647000,1284,1856,2881,2742,4034,2662
4920923294713300,1283,1856,2882,2742,4032,2662
4920923294773700,1283,1856,2886,2743,4028,2661
4920923294838500,1284,1854,2882,2743,4029,2661
4920923294905300,1281,1856,2882,2743,4030,2663
4920923294973100,1284,1855,2881,2748,4031,2659
4920923295037000,1283,1881,2883,2742,4033,2661
4920923295101400,1283,1854,2882,2742,4031,2712
4920923295163300,1284,1856,2882,2743,4031,2661
4920923295223900,1283,1856,2882,2742,4046,2662
4920923295289600,1282,1856,2883,2742,4030,2662
4920923295353000,1284,1856,2882,2743,4033,2661
4920923295448400,1282,1961,2883,2743,4032,2661
4920923295526600,1335,1855,2882,2744,4030,2662
4920923295585300,1284,1856,2882,2745,4035,2661
4920923295642600,1284,1854,2917,2743,4030,2658
4920923295771600,1281,1858,2881,2743,4031,2662
4920923295837100,1284,1856,2881,2742,4035,2661
4920923295898500,1283,1856,2884,2742,4032,2661
4920923295959600,1284,1855,2885,2742,4031,2661
4920923296029400,1410,1855,2882,2742,4032,2660
4920923296094000,1284,1856,2882,2742,4031,2662
4920923296157300,1283,1855,2881,2744,4032,2659
4920923296245000,1283,1857,2883,2743,4037,2662
4920923296570100,1284,1856,2881,2741,4029,2662
4920923296693800,1284,1856,2882,2742,4030,2660
4920923296958200,1284,1854,2883,2741,4032,2662
4920923297104700,1284,1856,2881,2743,4030,2742
4920923297214600,1282,1856,2881,2740,4095,2661
4920923297321600,1283,1856,2881,2743,4032,2662
4920923297408500,1283,1857,2882,2744,4032,2661
4920923297522500,1284,1856,2883,2741,4033,2662
4920923297828800,1284,1856,2881,2742,4032,2660
4920923297969100,1284,1856,2883,2742,4030,2661
4920923298064500,1284,1856,2882,2742,4034,2662
4920923298188400,1284,1873,2882,2743,4028,2662
4920923298305200,1288,1856,2881,2742,4032,2662
4920923298396800,1284,1855,2882,2743,4030,2661
4920923298467900,1282,1855,2881,2743,4031,2661
4920923298532200,1284,1857,2881,2741,4076,2662
4920923298595400,1283,1857,2896,2743,4030,2660
4920923298655000,1283,1856,2882,2744,4031,2661
4920923298710900,1284,1856,2882,2740,4058,2660
4920923298764600,1283,1857,2883,2741,4095,2663
4920923298817600,1282,1856,2882,2741,4095,2661
4920923298874500,1283,1856,2883,2740,4040,2661
4920923299009100,1284,1855,2882,2742,4032,2661
4920923299076200,1284,1856,2881,2741,4018,2663
4920923299140900,1284,1856,2893,2743,4031,2662
4920923299207100,1285,1856,2882,2742,4030,2661
4920923299383000,1284,1855,2881,2743,4034,2661
4920923299458300,1283,1898,2883,2742,4054,2662
4920923299520600,1282,1708,2882,2742,4092,2661
4920923299588000,1287,1854,2883,2743,4030,2661
4920923299671300,1283,1855,2881,2743,4034,2662
4920923299747900,1283,1856,2881,2742,3991,2662
4920923299809700,1284,1855,2883,2741,4034,2779
4920923299869200,1284,1855,2902,2743,4032,2664
4920923299930900,1284,1855,2881,2743,4031,2660
4920923299986800,1283,1855,2881,2741,4077,2664
4920923300061500,1292,1857,2880,2744,4031,2660
4920923300128600,1284,1856,2882,2741,4034,2788
4920923300292200,1284,1856,2881,2744,4031,2662
4920923300360100,1285,1856,2883,2743,4033,2660
4920923300414300,1283,1856,2881,2743,4032,2662
4920923300467400,1283,1856,2884,2743,4032,2661
4920923300520400,1284,1856,2882,2742,4031,2661
4920923300642800,1284,1855,2882,2743,4029,2662
4920923300702300,1283,1855,2880,2748,4034,2661
4920923300758900,1282,1856,2883,2742,4032,2662
4920923300818800,1283,1853,2881,2742,4033,2712
4920923300886700,1283,1856,2882,2743,4031,2662
4920923300945700,1284,1858,2882,2742,4045,2662
4920923301005600,1285,1856,2883,2743,4029,2661
4920923301074000,1284,1854,2881,2743,4027,2661
4920923301133800,1282,1962,2883,2742,4032,2662
4920923301474200,1336,1855,2880,2743,4030,2662
4920923301571700,1284,1855,2880,2744,4036,2662
4920923301698900,1283,1855,2917,2743,4029,2657
4920923301764500,1284,1856,2881,2743,4031,2662
4920923301825300,1284,1855,2883,2744,4036,2661
4920923301891600,1283,1855,2882,2742,4032,2661
4920923302255500,1284,1854,2884,2743,4031,2660
4920923302395800,1409,1855,2882,2742,4031,2661
4920923302518000,1282,1856,2882,2742,4033,2662
4920923302807300,1283,1855,2881,2744,4032,2660
4920923302917500,1283,1856,2882,2742,4036,2662
4920923303095200,1283,1857,2882,2742,4030,2661
4920923303322000,1284,1856,2882,2742,4031,2657
4920923303421200,1282,1856,2883,2742,4040,2662
4920923303527100,1282,1856,2882,2742,4032,2740
4920923303625400,1282,1856,2881,2740,4095,2662
4920923303733400,1282,1855,2882,2742,4033,2661
4920923303819300,1284,1855,2881,2744,4032,2661
4920923303884400,1284,1855,2884,2741,4032,2662
4920923303950000,1283,1856,2883,2743,4032,2661
4920923304035400,1283,1855,2882,2744,4033,2661
4920923304117200,1284,1856,2882,2742,4032,2661
4920923304216300,1282,1872,2881,2742,4026,2662
4920923304335500,1288,1855,2881,2744,4032,2662
4920923304420000,1283,1856,2882,2742,4028,2661
4920923304485600,1283,1855,2881,2741,4032,2661
4920923304559100,1283,1857,2881,2741,4078,2662
4920923304617900,1284,1856,2892,2744,4028,2662
4920923304673900,1285,1857,2884,2744,4033,2661
4920923304771100,1284,1857,2882,2741,4060,2661
4920923304862200,1284,1856,2882,2741,4095,2664
4920923304937400,1282,1856,2882,2741,4092,2661
4920923305005900,1282,1856,2881,2742,4040,2660
4920923305067900,1282,1856,2882,2742,4032,2661
4920923305126700,1284,1855,2882,2741,4095,2661
4920923838850600,1284,1855,2886,2744,4032,2662
4920923839314400,1282,1856,2883,2743,4030,2662
4920923839679400,1284,1855,2881,2742,4032,2659
4920923839944100,1283,1897,2883,2742,4052,2663
4920923840198800,1284,1709,2882,2744,4088,2659
4920923840474500,1287,1854,2883,2743,4033,2661
4920923840766200,1283,1856,2882,2742,4030,2661
4920923841038700,1284,1856,2882,2742,4095,2661
4920923841245700,1283,1856,2884,2742,4033,2781
4920923841415100,1284,1855,2902,2743,4032,2664
4920923841482200,1285,1855,2882,2743,4031,2661
4920923841536400,1284,1857,2881,2742,4074,2662
4920923841930900,1294,1855,2881,2743,4031,2660
4920923842055600,1282,1856,2882,2741,4033,2774
4920923842153700,1284,1854,2881,2744,4031,2661
4920923842232000,1285,1857,2882,2742,4056,2663
4920923842292500,1283,1856,2882,2742,4033,2661
4920923842377500,1283,1857,2886,2743,4032,2661
4920923842447000,1284,1856,2882,2743,4029,2661
4920923842538800,1282,1855,2882,2743,4028,2662
4920923842587100,1282,1855,2881,2748,4031,2660
4920923842639700,1283,1876,2883,2741,4033,2662
4920923842688100,1284,1855,2881,2739,4030,2708
4920923842738000,1284,1856,2882,2743,4033,2661
4920923842801100,1282,1856,2883,2740,4044,2663
4920923842850900,1283,1856,2883,2742,4029,2661
4920923842901100,1283,1856,2884,2744,4033,2661
4920923842957300,1282,1959,2883,2744,4033,2662
4920923843012800,1332,1855,2880,2742,4031,2662
4920923843076700,1284,1855,2881,2744,4032,2659
4920923843147500,1283,1854,2917,2742,4033,2658
4920923843324800,1284,1856,2881,2743,4032,2661
4920923843398500,1284,1857,2881,2743,4033,2661
4920923843451700,1284,1854,2883,2742,4032,2661
4920923843508000,1284,1855,2884,2742,4031,2662
4920923843715800,1407,1855,2882,2742,4030,2661
4920923843786800,1283,1856,2882,2744,4032,2660
4920923843853900,1284,1855,2881,2743,4034,2659
4920923843922900,1283,1855,2882,2742,4035,2662
4920923843974400,1283,1856,2882,2742,4030,2661
4920923844030900,1283,1856,2882,2742,4033,2661
4920923844086100,1283,1856,2883,2740,4033,2661
4920923844321800,1283,1856,2882,2741,4032,2742
4920923844527300,1284,1856,2882,2740,4095,2661
4920923844599600,1283,1854,2881,2743,4031,2660
4920923844910300,1284,1855,2882,2742,4032,2661
4920923845002300,1283,1856,2883,2741,4032,2662
4920923845075000,1282,1856,2883,2744,4032,2661
4920923845214700,1283,1856,2883,2742,4035,2660
4920923845315500,1284,1856,2882,2741,4095,2661
4920923845528300,1283,1872,2882,2744,4028,2662
4920923845619300,1286,1855,2880,2744,4032,2662
4920923845692100,1283,1856,2881,2741,4033,2662
4920923845772600,1283,1856,2882,2743,4027,2660
4920923845954900,1284,1856,2881,2740,4080,2663
4920923846034700,1285,1856,2893,2743,4030,2662
4920923846103300,1284,1857,2883,2744,4032,2661
4920923846168200,1284,1855,2881,2741,4056,2662
4920923846239000,1284,1857,2883,2741,4095,2663
4920923846298500,1284,1856,2882,2741,4092,2661
4920923846361100,1283,1856,2883,2742,4040,2661
4920923846420800,1283,1856,2882,2742,4033,2661
4920923846480600,1282,1856,2882,2742,4095,2661
4920923846534300,1283,1856,2892,2743,4030,2662
4920923846798300,1284,1854,2883,2742,4032,2663
4920923846877800,1284,1855,2881,2742,4032,2661
4920923846962800,1283,1895,2883,2741,4054,2662
4920923847019300,1284,1708,2882,2742,4090,2661
4920923847072100,1287,1856,2883,2743,4032,2661
4920923847126500,1282,1857,2882,2741,4032,2662
4920923847181200,1283,1856,2882,2742,4095,2662
4920923847245500,1283,1855,2883,2741,4033,2783
4920923847309700,1284,1856,2902,2745,4031,2664
4920923847374100,1283,1855,2881,2744,4030,2660
4920923847437400,1284,1855,2882,2742,4077,2663
4920923847511300,1293,1855,2881,2742,4033,2662
4920923847576500,1283,1857,2883,2741,4034,2776
4920923847745600,1283,1856,2880,2743,4031,2662
4920923847809000,1284,1856,2882,2743,4056,2662
4920923847899200,1282,1855,2882,2742,4032,2662
4920923847974500,1282,1856,2884,2741,4029,2661
4920923848035400,1283,1856,2882,2742,4029,2660
4920923848097900,1284,1857,2881,2743,4030,2663
4920923848175800,1284,1855,2880,2749,4034,2660
4920923848243500,1283,1877,2884,2742,4032,2662
4920923848340900,1283,1854,2881,2742,4031,2711
4920923848413500,1283,1855,2882,2743,4031,2662
4920923848480600,1283,1855,2881,2742,4040,2662
4920923848557300,1284,1856,2883,2742,4032,2661
4920923848645600,1284,1855,2882,2744,4032,2661
4920923848922100,1284,1962,2883,2742,4033,2662
4920923849021900,1333,1854,2880,2742,4032,2661
4920923849089600,1285,1855,2881,2744,4033,2661
4920923849172800,1284,1855,2916,2743,4030,2660
4920923849273700,1283,1856,2881,2744,4031,2662
4920923849387500,1283,1857,2881,2742,4028,2661
4920923849469800,1284,1855,2882,2741,4040,2660
4920923849632200,1284,1859,2884,2742,4033,2661
4920923849749100,1407,1855,2882,2743,4032,2661
4920923849825500,1282,1856,2881,2743,4029,2662
4920923849925300,1283,1855,2881,2743,4034,2661
4920923850021600,1284,1856,2882,2742,4033,2662
4920923850112500,1284,1857,2882,2741,4033,2661
4920923850231300,1283,1856,2883,2742,4030,2661
4920923850333100,1283,1854,2882,2742,4040,2661
4920923850406700,1284,1856,2882,2741,4032,2740
4920923850484200,1282,1856,2881,2742,4095,2661
4920923850548500,1282,1855,2881,2743,4033,2661
4920923850740100,1284,1855,2881,2744,4033,2661
4920923850824900,1284,1856,2883,2743,4032,2662
4920923850888300,1284,1856,2882,2743,4032,2661
4920923850955700,1285,1856,2884,2744,4034,2661
4920923851043300,1283,1856,2882,2741,4095,2661
4920923851117800,1284,1873,2881,2742,4028,2663
4920923851179400,1286,1855,2880,2742,4032,2662
4920923851242200,1283,1856,2881,2743,4031,2661
4920923851300800,1283,1856,2882,2742,4031,2661
4920923851356200,1284,1856,2881,2740,4079,2662
4920923851427200,1284,1855,2886,2743,4030,2662
4920923851492300,1284,1854,2884,2744,4033,2662
4920923851550000,1284,1856,2881,2741,4059,2661
4920923851609500,1284,1857,2882,2741,4095,2664
4920923851778700,1282,1856,2882,2744,4092,2661
4920923851841400,1283,1856,2883,2742,4040,2661
4920923851897200,1283,1855,2882,2743,4031,2661
4920923851959500,1283,1856,2881,2741,4020,2663
4920923852080700,1284,1856,2892,2743,4030,2660
4920923852133600,1283,1856,2883,2742,4030,2662
4920923852200200,1284,1856,2881,2742,4034,2661
4920923852255500,1283,1900,2884,2742,4054,2662
4920923852311200,1282,1708,2883,2741,4090,2661
4920923852369500,1287,1855,2883,2743,4037,2662
4920923852427500,1283,1855,2882,2742,4030,2662
4920923852486300,1284,1857,2882,2742,4095,2662
4920923852642800,1285,1856,2884,2741,4034,2782
4920923852712900,1284,1856,2902,2746,4032,2664
4920923852768900,1283,1857,2880,2744,4029,2661
4920923852824200,1284,1855,2881,2741,4076,2662
4920923852881800,1292,1856,2881,2742,4032,2662
4920923852942800,1284,1856,2882,2741,4032,2776
4920923853003400,1283,1856,2881,2744,4030,2662
4920923853059300,1282,1856,2882,2743,4058,2662
4920923853111700,1285,1855,2883,2742,4032,2662
4920923853167000,1283,1856,2882,2742,4032,2662
4920923853246500,1284,1856,2882,2743,4029,2661
4920923853310100,1281,1855,2882,2742,4031,2663
4920923853363200,1284,1852,2882,2748,4031,2661
4920923853415400,1283,1876,2883,2742,4032,2661
4920923853465100,1281,1856,2882,2742,4032,2714
4920923853526300,1284,1855,2881,2743,4031,2660
4920923853582200,1284,1856,2882,2742,4044,2662
4920923853645000,1285,1856,2883,2743,4030,2662
4920923854024700,1284,1854,2882,2743,4027,2661
4920923854371900,1284,1960,2883,2743,4032,2661
4920923854485700,1333,1856,2880,2744,4028,2661
4920923854602900,1283,1855,2881,2744,4034,2659
4920923854686100,1283,1856,2917,2743,4031,2658
4920923855044700,1284,1856,2882,2743,4030,2661
4920923855177900,1282,1857,2882,2743,4034,2661
4920923855347000,1283,1856,2883,2742,4032,2660
4920923855480400,1283,1856,2884,2743,4031,2661
4920923855582200,1409,1855,2882,2743,4031,2661
4920923855720700,1280,1856,2881,2742,4032,2660
4920923855833000,1283,1855,2881,2744,4031,2659
4920923855915700,1283,1856,2882,2742,4036,2663
4920923856012200,1284,1856,2882,2742,4032,2661
4920923856090500,1283,1855,2882,2742,4032,2660
4920923856157400,1283,1856,2881,2743,4032,2661
4920923856236500,1284,1856,2881,2742,4028,2744
4920923856308300,1282,1856,2882,2740,4095,2661
4920923856381000,1283,1855,2881,2743,4033,2661
4920923856452400,1283,1857,2881,2744,4032,2662
4920923856524500,1284,1856,2883,2741,4032,2662
4920923856595700,1284,1855,2884,2744,4032,2661
4920923856667300,1283,1856,2882,2743,4033,2661
4920923856736700,1284,1858,2881,2742,4032,2661
4920923856846100,1284,1872,2881,2742,4025,2662
4920923856909200,1287,1855,2880,2742,4032,2662
4920923856970900,1285,1854,2882,2741,4033,2661
4920923857039600,1283,1855,2882,2742,4032,2660
4920923857104500,1285,1856,2881,2740,4080,2663
4920923857170700,1284,1855,2886,2743,4032,2661
4920923857284700,1283,1857,2884,2743,4033,2661
4920923857420400,1284,1857,2881,2741,4058,2661
4920923857511300,1284,1856,2881,2741,4095,2665
4920923857594300,1282,1856,2883,2741,4090,2663
4920923857764600,1284,1856,2883,2742,4040,2661
4920923857854700,1283,1856,2883,2743,4028,2661
4920923857922800,1282,1856,2882,2741,4095,2662
4920923857986600,1283,1855,2886,2744,4032,2662
4920923858053100,1283,1857,2882,2742,4033,2662
4920923858119300,1283,1855,2881,2742,4034,2661
4920923858185600,1284,1898,2882,2742,4052,2663
4920923858251800,1284,1709,2882,2742,4092,2661
4920923858318400,1285,1854,2883,2743,4030,2660
4920923858385100,1285,1855,2882,2742,4033,2660
4920923858451300,1283,1857,2883,2742,4033,2662
4920923858535000,1284,1856,2883,2741,4034,2782
4920923858629300,1283,1856,2904,2743,4030,2665
4920923858713200,1285,1854,2881,2743,4033,2661
4920923858797600,1284,1856,2883,2742,4074,2662
4920923858873300,1293,1855,2881,2742,4033,2661
4920923858939000,1282,1856,2883,2742,4034,2776
4920923859003900,1283,1856,2881,2744,4030,2658
4920923859072100,1284,1856,2882,2741,4054,2662
4920923859138200,1283,1856,2882,2741,4032,2662
4920923859242400,1284,1856,2884,2742,4032,2662
4920923859349800,1283,1856,2882,2743,4031,2660
4920923859504400,1284,1856,2882,2742,4031,2663
4920923859583800,1282,1855,2880,2748,4031,2661
4920923859671100,1284,1855,2883,2742,4032,2662
4920923859787600,1282,1855,2881,2742,4032,2713
4920923859884400,1282,1856,2882,2743,4031,2661
4920923859961000,1283,1856,2882,2742,4044,2662
4920923860051200,1284,1856,2883,2742,4032,2661
4920923860146100,1284,1856,2882,2743,4027,2662
4920923860226600,1282,1964,2882,2744,4029,2730
4920923860317800,1334,1855,2880,2742,4031,2662
4920923860398800,1284,1855,2880,2744,4036,2660
4920923860479100,1282,1854,2916,2743,4031,2659
4920923860564500,1284,1855,2883,2742,4032,2662
4920923860639800,1284,1856,2881,2743,4033,2661
4920923860746300,1283,1856,2883,2742,4032,2661
4920923860858600,1284,1856,2884,2742,4031,2661
4920923860978300,1409,1855,2882,2742,4031,2662
4920923861068400,1283,1856,2881,2743,4031,2661
4920923861148700,1283,1855,2881,2744,4036,2659
4920923861228700,1283,1857,2883,2742,4032,2663
4920923861326000,1283,1856,2881,2741,4033,2661
4920923861431000,1283,1856,2883,2742,4032,2661
4920923861545400,1284,1855,2882,2742,4040,2661
4920923861679800,1284,1856,2882,2742,4032,2742
4920923861809200,1284,1856,2881,2742,4095,2661
4920923861893100,1284,1856,2881,2742,4033,2661
4920923861970800,1283,1855,2881,2742,4032,2661
4920923862047500,1283,1856,2884,2741,4030,2662
4920923862121800,1283,1856,2882,2742,4032,2661
4920923862211600,1283,1856,2882,2743,4032,2660
4920923862298200,1284,1856,2882,2741,4095,2661
4920923862378500,1284,1872,2883,2742,4028,2662
4920923862454500,1286,1855,2882,2742,4033,2662
4920923862524400,1284,1856,2881,2742,4033,2661
4920923862604100,1283,1855,2882,2743,4031,2659
4920923862681300,1283,1856,2881,2740,4081,2663
4920923862766400,1283,1857,2896,2743,4032,2662
4920923862843900,1284,1855,2882,2743,4033,2662
4920923862920600,1283,1856,2881,2741,4058,2661
4920923863024500,1283,1857,2883,2742,4095,2663
4920923863114500,1282,1855,2882,2741,4094,2661
4920923863235200,1284,1856,2881,2741,4042,2662
4920923863334700,1283,1856,2882,2742,4028,2661
4920923863407200,1283,1856,2882,2741,4095,2662
4920923863480400,1283,1857,2894,2744,4030,2662
4920923863561400,1284,1855,2882,2742,4029,2662
4920923863630200,1284,1855,2881,2742,4034,2661
4920923863710900,1282,1897,2883,2742,4053,2971
4920923863781800,1284,1709,2881,2741,4090,2661
4920923863854000,1286,1855,2883,2745,4031,2661
4920923863926800,1284,1856,2881,2741,4033,2662
4920923864008300,1283,1856,2882,2742,4095,2662
4920923864089000,1284,1856,2883,2741,4032,2780
4920923864159400,1282,1857,2902,2745,4033,2664
4920923864263600,1283,1856,2882,2743,4031,2661
4920923864403000,1284,1855,2881,2742,4080,2662
4920923864516600,1292,1855,2881,2742,4031,2661
4920923864594900,1284,1856,2883,2741,4032,2778
4920923864676300,1283,1856,2881,2743,4031,2661
4920923864766300,1283,1857,2881,2743,4033,2662
4920923864839000,1284,1855,2882,2743,4033,2662
4920923864909100,1285,1856,2883,2742,4032,2660
4920923864993200,1284,1854,2882,2743,4031,2660
4920923865083200,1283,1855,2882,2743,4029,2662
4920923865189600,1282,1854,2882,2748,4033,2662
4920923865277500,1283,1874,2883,2742,4034,2661
4920923865356900,1283,1855,2881,2742,4029,2712
4920923865507800,1283,1856,2882,2744,4031,2662
4920923865591200,1285,1856,2881,2740,4044,2663
4920923865680500,1282,1857,2882,2743,4032,2662
4920923865856600,1282,1856,2882,2744,4032,2661
4920923865952200,1283,1962,2883,2744,4032,2661
4920923866057100,1332,1856,2881,2741,4030,2662
4920923866156300,1282,1857,2880,2744,4034,2660
4920923866243000,1283,1856,2916,2743,4033,2658
4920923866322700,1284,1856,2882,2744,4032,2662
