Timestamp (ISO),CH0-ThumbLower,CH1-ThumbUpper,CH2-Pointer,CH3-Middle,CH4-Ring,CH5-Pinky
2026-01-28 17:34:52.445-0800,1224,1989,1825,1728,1894,3938
2026-01-28 17:34:52.461-0800,1224,1988,1824,1728,1896,3939
2026-01-28 17:34:52.461-0800,1224,1987,1824,1729,1893,3930
2026-01-28 17:34:52.477-0800,1224,1987,1824,1729,1895,3926
2026-01-28 17:34:52.493-0800,1224,1987,1824,1728,1894,3937
2026-01-28 17:34:52.510-0800,1224,1988,1824,1729,1894,3937
2026-01-28 17:34:52.511-0800,1224,1988,1824,1729,1894,3932
2026-01-28 17:34:52.525-0800,1224,1988,1825,1729,1895,3940
2026-01-28 17:34:52.541-0800,1224,1988,1824,1729,1895,3930
2026-01-28 17:34:52.557-0800,1224,1988,1823,1728,1895,3937
2026-01-28 17:34:52.557-0800,1225,1988,1823,1729,1895,3937
2026-01-28 17:34:52.573-0800,1225,1988,1823,1728,1897,3933
2026-01-28 17:34:52.589-0800,1223,1988,1824,1728,1895,3936
2026-01-28 17:34:52.605-0800,1225,1988,1823,1729,1895,3938
2026-01-28 17:34:52.605-0800,1223,1987,1824,1729,1894,3942
2026-01-28 17:34:52.621-0800,1224,1988,1824,1730,1893,3954
2026-01-28 17:34:52.637-0800,1224,1987,1823,1729,1895,3938
2026-01-28 17:34:52.653-0800,1225,1987,1823,1729,1895,3935
2026-01-28 17:34:52.653-0800,1224,1988,1824,1729,1894,3933
2026-01-28 17:34:52.669-0800,1225,1988,1823,1729,1894,3932
2026-01-28 17:34:52.685-0800,1224,1988,1825,1729,1894,3950
2026-01-28 17:34:52.701-0800,1225,1988,1825,1729,1894,3940
2026-01-28 17:34:52.701-0800,1224,1988,1824,1729,1896,3953
2026-01-28 17:34:52.717-0800,1225,1987,1824,1729,1893,3916
2026-01-28 17:34:52.733-0800,1225,1987,1823,1728,1895,3943
2026-01-28 17:34:52.749-0800,1225,1987,1824,1728,1894,3951
2026-01-28 17:34:52.749-0800,1225,1987,1824,1729,1895,3921
2026-01-28 17:34:52.765-0800,1225,1988,1824,1729,1894,3938
2026-01-28 17:34:52.781-0800,1225,1987,1824,1729,1895,3934
2026-01-28 17:34:52.797-0800,1225,1988,1823,1729,1894,3932
2026-01-28 17:34:52.797-0800,1224,1988,1823,1728,1896,3933
2026-01-28 17:34:52.813-0800,1224,1988,1823,1728,1896,3935
2026-01-28 17:34:52.829-0800,1225,1988,1824,1729,1896,3933
2026-01-28 17:34:52.845-0800,1224,1988,1824,1729,1894,3932
2026-01-28 17:34:52.845-0800,1225,1988,1823,1728,1894,3933
2026-01-28 17:34:52.861-0800,1224,1988,1823,1728,1893,3937
2026-01-28 17:34:52.877-0800,1225,1988,1824,1730,1894,3934
2026-01-28 17:34:52.893-0800,1230,1987,1823,1728,1895,3922
2026-01-28 17:34:52.893-0800,1232,1987,1823,1728,1894,3921
2026-01-28 17:34:52.909-0800,1235,1988,1824,1729,1894,3945
2026-01-28 17:34:52.925-0800,1239,1988,1823,1729,1894,3924
2026-01-28 17:34:52.941-0800,1241,1989,1825,1729,1895,3938
2026-01-28 17:34:52.941-0800,1243,1988,1825,1728,1894,3932
2026-01-28 17:34:52.957-0800,1250,1988,1824,1729,1896,3933
2026-01-28 17:34:52.973-0800,1252,1987,1824,1729,1895,3932
2026-01-28 17:34:52.989-0800,1256,1988,1824,1729,1893,3932
2026-01-28 17:34:52.989-0800,1261,1989,1824,1729,1895,3930
2026-01-28 17:34:53.005-0800,1268,1989,1824,1729,1894,3937
2026-01-28 17:34:53.021-0800,1273,1987,1824,1728,1896,3933
2026-01-28 17:34:53.037-0800,1281,1987,1824,1729,1894,3934
2026-01-28 17:34:53.037-0800,1285,1988,1822,1729,1895,3931
2026-01-28 17:34:53.053-0800,1289,1987,1824,1728,1896,3931
2026-01-28 17:34:53.069-0800,1293,1988,1824,1728,1895,3937
2026-01-28 17:34:53.085-0800,1297,1988,1824,1729,1895,3955
2026-01-28 17:34:53.085-0800,1302,1988,1824,1727,1894,3949
2026-01-28 17:34:53.101-0800,1307,1988,1823,1728,1894,3939
2026-01-28 17:34:53.117-0800,1316,1987,1824,1727,1894,3923
2026-01-28 17:34:53.133-0800,1326,1988,1824,1729,1894,3942
2026-01-28 17:34:53.133-0800,1337,1988,1824,1728,1895,3938
2026-01-28 17:34:53.149-0800,1351,1987,1824,1728,1894,3933
2026-01-28 17:34:53.165-0800,1363,1988,1824,1728,1893,3934
2026-01-28 17:34:53.181-0800,1376,1987,2022,1727,1894,3935
2026-01-28 17:34:53.181-0800,1387,1989,1825,1727,1895,3934
2026-01-28 17:34:53.197-0800,1401,1992,1828,1730,1897,3948
2026-01-28 17:34:53.213-0800,1414,1990,1827,1730,1898,3945
2026-01-28 17:34:53.229-0800,1428,1990,1826,1731,1897,3944
2026-01-28 17:34:53.229-0800,1442,1989,1826,1730,1898,3930
2026-01-28 17:34:53.245-0800,1457,1991,1826,1730,1896,3962
2026-01-28 17:34:53.261-0800,1473,1991,1827,1729,1897,3941
2026-01-28 17:34:53.277-0800,1492,1989,1826,1728,1896,3950
2026-01-28 17:34:53.277-0800,1515,1991,1827,1730,1897,3962
2026-01-28 17:34:53.293-0800,1543,1992,1826,1731,1897,3938
2026-01-28 17:34:53.309-0800,1571,1995,1827,1729,1898,3933
2026-01-28 17:34:53.325-0800,1599,1998,1827,1729,1898,3943
2026-01-28 17:34:53.325-0800,1624,1999,1827,1729,1898,3936
2026-01-28 17:34:53.341-0800,1643,2000,1827,1729,1898,3928
2026-01-28 17:34:53.357-0800,1658,1999,1826,1729,1897,3955
2026-01-28 17:34:53.373-0800,1669,1999,1826,1729,1897,3960
2026-01-28 17:34:53.373-0800,1682,2000,1827,1730,1896,3982
2026-01-28 17:34:53.389-0800,1693,2000,1827,1729,1898,3959
2026-01-28 17:34:53.405-0800,1707,1999,1826,1729,1897,3961
2026-01-28 17:34:53.421-0800,1725,1999,1825,1729,1897,3959
2026-01-28 17:34:53.421-0800,1738,1999,1827,1729,1897,3960
2026-01-28 17:34:53.437-0800,1753,1999,1827,1730,1897,3972
2026-01-28 17:34:53.453-0800,1762,2000,1827,1730,1898,3959
2026-01-28 17:34:53.469-0800,1769,1999,1826,1731,1898,3967
2026-01-28 17:34:53.469-0800,1774,2000,1826,1730,1897,3962
2026-01-28 17:34:53.485-0800,1781,1999,1826,1730,1899,3959
2026-01-28 17:34:53.501-0800,1791,1998,1826,1730,1897,3955
2026-01-28 17:34:53.517-0800,1801,1999,1827,1729,1897,3960
2026-01-28 17:34:53.517-0800,1810,1999,1826,1729,1898,3966
2026-01-28 17:34:53.533-0800,1822,2003,1827,1731,1898,3956
2026-01-28 17:34:53.549-0800,1831,1999,1826,1731,1897,3964
2026-01-28 17:34:53.565-0800,1844,1990,1827,1731,1899,3959
2026-01-28 17:34:53.565-0800,1852,1981,1826,1730,1898,3957
2026-01-28 17:34:53.581-0800,1861,1973,1827,1730,1897,3961
2026-01-28 17:34:53.597-0800,1867,1966,1827,1730,1898,3968
2026-01-28 17:34:53.613-0800,1870,1962,1826,1730,1897,3977
2026-01-28 17:34:53.613-0800,1876,1959,1826,1730,1897,3958
2026-01-28 17:34:53.629-0800,1877,1956,1826,1731,1896,3960
2026-01-28 17:34:53.645-0800,1883,1953,1827,1730,1898,3959
2026-01-28 17:34:53.661-0800,1885,1953,1826,1730,1897,3965
2026-01-28 17:34:53.661-0800,1886,1952,1826,1730,1897,3962
2026-01-28 17:34:53.677-0800,1887,1950,2028,1730,1896,3973
2026-01-28 17:34:53.693-0800,1888,1947,1827,1732,1898,3968
2026-01-28 17:34:53.709-0800,1889,1944,1827,1731,1897,3968
2026-01-28 17:34:53.709-0800,1894,1942,1826,1733,1898,3963
2026-01-28 17:34:53.725-0800,1893,1941,1827,1733,1897,3956
2026-01-28 17:34:53.741-0800,1895,1942,1827,1733,1899,3966
2026-01-28 17:34:53.757-0800,1894,1943,1826,1733,1897,3964
2026-01-28 17:34:53.757-0800,1894,1941,1827,1732,1895,3957
2026-01-28 17:34:53.773-0800,1894,1942,1825,1733,1897,3958
2026-01-28 17:34:53.789-0800,1890,1942,1827,1734,1897,3964
2026-01-28 17:34:53.805-0800,1889,1943,1826,1735,1897,3958
2026-01-28 17:34:53.805-0800,1886,1947,1826,1735,1898,3955
2026-01-28 17:34:53.823-0800,1886,1950,1827,1735,1898,3963
2026-01-28 17:34:53.842-0800,1886,1954,1827,1736,1899,3950
2026-01-28 17:34:53.853-0800,1887,1955,1827,1736,1897,3964
2026-01-28 17:34:53.853-0800,1887,1956,1828,1736,1896,3963
2026-01-28 17:34:53.869-0800,1887,1955,1826,1736,1897,3959
2026-01-28 17:34:53.885-0800,1887,1956,1827,1737,1897,3962
2026-01-28 17:34:53.901-0800,1888,1955,1828,1736,1898,3964
2026-01-28 17:34:53.901-0800,1887,1955,1827,1737,1898,3944
2026-01-28 17:34:53.917-0800,1887,1956,1826,1736,1897,3945
2026-01-28 17:34:53.933-0800,1888,1955,2029,1736,1897,3960
2026-01-28 17:34:53.949-0800,1888,1955,1828,1737,1897,3964
2026-01-28 17:34:53.949-0800,1889,1956,1827,1736,1897,3958
2026-01-28 17:34:53.965-0800,1888,1956,1825,1736,1897,3967
2026-01-28 17:34:53.982-0800,1888,1955,1827,1736,1897,3962
2026-01-28 17:34:53.997-0800,1889,1955,1827,1736,1899,3964
2026-01-28 17:34:53.997-0800,1889,1956,1826,1736,1897,3974
2026-01-28 17:34:54.013-0800,1888,1956,1827,1737,1897,3949
2026-01-28 17:34:54.028-0800,1889,1956,1826,1737,1898,3974
2026-01-28 17:34:54.044-0800,1889,1954,1827,1738,1896,3964
2026-01-28 17:34:54.045-0800,1889,1955,1827,1738,1897,3958
2026-01-28 17:34:54.061-0800,1889,1953,1825,1737,1898,3960
2026-01-28 17:34:54.076-0800,1890,1954,1827,1737,1898,3963
2026-01-28 17:34:54.093-0800,1889,1952,1827,1737,1898,3957
2026-01-28 17:34:54.093-0800,1890,1954,1827,1737,1897,3965
2026-01-28 17:34:54.109-0800,1890,1954,1825,1736,1897,3981
2026-01-28 17:34:54.125-0800,1892,1954,1826,1736,1897,3959
2026-01-28 17:34:54.140-0800,1892,1953,1827,1737,1896,3963
2026-01-28 17:34:54.141-0800,1890,1953,1827,1736,1898,3961
2026-01-28 17:34:54.157-0800,1891,1953,1827,1736,1897,3967
2026-01-28 17:34:54.173-0800,1891,1954,1827,1737,1896,3955
2026-01-28 17:34:54.189-0800,1892,1953,2029,1736,1896,3965
2026-01-28 17:34:54.189-0800,1888,1950,1825,1734,1895,3962
2026-01-28 17:34:54.205-0800,1886,1950,1824,1734,1894,3968
2026-01-28 17:34:54.221-0800,1885,1950,1823,1733,1896,3947
2026-01-28 17:34:54.237-0800,1882,1950,1824,1734,1894,3957
2026-01-28 17:34:54.237-0800,1876,1952,1824,1734,1895,3974
2026-01-28 17:34:54.253-0800,1869,1954,1824,1733,1895,3954
2026-01-28 17:34:54.269-0800,1866,1954,1824,1733,1895,3945
2026-01-28 17:34:54.285-0800,1865,1955,1824,1733,1894,3958
2026-01-28 17:34:54.285-0800,1865,1953,1824,1733,1895,3956
2026-01-28 17:34:54.301-0800,1867,1954,1823,1734,1893,3951
2026-01-28 17:34:54.317-0800,1866,1953,1823,1734,1896,3977
2026-01-28 17:34:54.333-0800,1867,1954,1823,1734,1895,3959
2026-01-28 17:34:54.333-0800,1867,1954,1825,1734,1895,3967
2026-01-28 17:34:54.349-0800,1867,1954,1823,1736,1895,3960
2026-01-28 17:34:54.364-0800,1869,1954,1823,1738,1894,3952
2026-01-28 17:34:54.380-0800,1871,1953,1823,1741,1895,3958
2026-01-28 17:34:54.380-0800,1872,1954,1824,1746,1894,3958
2026-01-28 17:34:54.396-0800,1871,1954,1823,1748,1895,3954
2026-01-28 17:34:54.412-0800,1869,1953,1824,1758,1896,3957
2026-01-28 17:34:54.428-0800,1872,1952,1823,1764,1896,3957
2026-01-28 17:34:54.429-0800,1875,1949,2026,1771,1909,3969
2026-01-28 17:34:54.444-0800,1880,1948,1824,1778,1927,3958
2026-01-28 17:34:54.461-0800,1884,1946,1825,1791,1937,3962
2026-01-28 17:34:54.476-0800,1890,1941,1823,1809,1951,3955
2026-01-28 17:34:54.477-0800,1896,1936,1825,1837,1954,3942
2026-01-28 17:34:54.493-0800,1900,1927,1824,1866,1961,3962
2026-01-28 17:34:54.509-0800,1903,1912,1824,1893,1969,3958
2026-01-28 17:34:54.525-0800,1902,1900,1838,1914,1975,3953
2026-01-28 17:34:54.525-0800,1902,1893,1855,1932,1981,3963
2026-01-28 17:34:54.540-0800,1901,1890,1867,1949,1983,3958
2026-01-28 17:34:54.557-0800,1903,1889,1872,1965,1983,3959
2026-01-28 17:34:54.572-0800,1902,1888,1877,1975,1986,3955
2026-01-28 17:34:54.573-0800,1903,1886,1878,1986,1989,3967
2026-01-28 17:34:54.589-0800,1903,1883,1879,1998,1991,3975
2026-01-28 17:34:54.605-0800,1904,1882,1879,2005,1993,3960
2026-01-28 17:34:54.621-0800,1905,1882,1883,2011,1996,3958
2026-01-28 17:34:54.621-0800,1907,1882,1890,2016,1997,3959
2026-01-28 17:34:54.638-0800,1907,1882,1895,2020,1998,3958
2026-01-28 17:34:54.654-0800,1908,1882,1899,2020,2000,3954
2026-01-28 17:34:54.669-0800,1909,1881,1901,2021,2002,3957
2026-01-28 17:34:54.669-0800,1911,1880,1903,2022,2004,3958
2026-01-28 17:34:54.685-0800,1915,1879,1850,2022,2005,3962
2026-01-28 17:34:54.701-0800,1917,1880,1907,2024,2008,3974
2026-01-28 17:34:54.717-0800,1922,1880,1910,2024,2010,3964
2026-01-28 17:34:54.717-0800,1925,1880,1914,2026,2013,3977
2026-01-28 17:34:54.733-0800,1928,1878,1925,2029,2016,3960
2026-01-28 17:34:54.750-0800,1931,1877,1937,2036,2021,3956
2026-01-28 17:34:54.765-0800,1933,1877,1948,2038,2027,3958
2026-01-28 17:34:54.765-0800,1933,1878,1958,2041,2031,3961
2026-01-28 17:34:54.781-0800,1931,1877,1972,2042,2031,3956
2026-01-28 17:34:54.797-0800,1931,1877,1991,2044,2032,3961
2026-01-28 17:34:54.814-0800,1933,1877,2008,2044,2033,3955
2026-01-28 17:34:54.814-0800,1932,1876,2024,2044,2035,3960
2026-01-28 17:34:54.829-0800,1933,1876,2031,2044,2035,3959
2026-01-28 17:34:54.844-0800,1933,1876,2046,2046,2036,3951
2026-01-28 17:34:54.863-0800,1934,1877,2054,1792,2037,3972
2026-01-28 17:34:54.863-0800,1933,1876,2061,2050,2040,3974
2026-01-28 17:34:54.877-0800,1934,1877,2066,2053,2041,3948
2026-01-28 17:34:54.893-0800,1932,1876,2071,2053,2041,3948
2026-01-28 17:34:54.909-0800,1934,1877,2075,2052,2042,3956
2026-01-28 17:34:54.909-0800,1933,1877,2079,2052,2043,3955
2026-01-28 17:34:54.925-0800,1933,1880,2082,2053,2042,3955
2026-01-28 17:34:54.941-0800,1932,1880,2142,2052,2042,3958
2026-01-28 17:34:54.957-0800,1934,1881,2091,2053,2043,3950
2026-01-28 17:34:54.957-0800,1934,1882,2093,2054,2042,3951
2026-01-28 17:34:54.973-0800,1934,1882,2095,2058,2049,3957
2026-01-28 17:34:54.989-0800,1932,1879,2095,2061,2056,3956
2026-01-28 17:34:55.005-0800,1933,1882,2096,2066,2065,3966
2026-01-28 17:34:55.006-0800,1934,1882,2096,2067,2079,3958
2026-01-28 17:34:55.021-0800,1934,1883,2097,2071,2090,3952
2026-01-28 17:34:55.037-0800,1937,1883,2096,2077,2094,3959
2026-01-28 17:34:55.053-0800,1938,1882,2097,2084,2104,3960
2026-01-28 17:34:55.053-0800,1940,1883,2097,2085,2111,3963
2026-01-28 17:34:55.069-0800,1944,1882,2097,2089,2120,3949
2026-01-28 17:34:55.085-0800,1949,1882,2098,2092,2127,3963
2026-01-28 17:34:55.101-0800,1951,1882,2098,2096,2140,3961
2026-01-28 17:34:55.101-0800,1953,1882,2097,2103,2149,3968
2026-01-28 17:34:55.117-0800,1956,1883,2098,2107,2157,3962
2026-01-28 17:34:55.132-0800,1956,1882,2097,2109,2157,3957
2026-01-28 17:34:55.148-0800,1957,1881,2098,2111,2157,3950
2026-01-28 17:34:55.149-0800,1958,1882,2098,2112,2157,3966
2026-01-28 17:34:55.166-0800,1957,1882,2098,2112,2159,3963
2026-01-28 17:34:55.181-0800,1958,1883,2097,2113,2159,3962
2026-01-28 17:34:55.196-0800,1960,1885,2162,2119,2160,3966
2026-01-28 17:34:55.197-0800,1958,1886,2102,2123,2162,3966
2026-01-28 17:34:55.213-0800,1956,1888,2103,2125,2163,3980
2026-01-28 17:34:55.229-0800,1952,1889,2103,2127,2164,3965
2026-01-28 17:34:55.232-0800,1948,1889,2103,2129,2165,3964
2026-01-28 17:34:55.247-0800,1944,1890,2103,2129,2167,3966
2026-01-28 17:34:55.261-0800,1940,1891,2102,2132,2169,3976
2026-01-28 17:34:55.277-0800,1932,1891,2103,2132,2172,3969
2026-01-28 17:34:55.277-0800,1926,1895,2102,2133,2172,3964
2026-01-28 17:34:55.293-0800,1917,1897,2103,2136,2172,3962
2026-01-28 17:34:55.308-0800,1911,1899,2103,2138,2172,3986
2026-01-28 17:34:55.325-0800,1907,1900,2103,2139,2173,3973
2026-01-28 17:34:55.325-0800,1903,1901,2104,2140,2175,3963
2026-01-28 17:34:55.341-0800,1902,1902,2105,2142,2173,3974
2026-01-28 17:34:55.356-0800,1901,1903,2105,2143,2173,3964
2026-01-28 17:34:55.372-0800,1892,1903,2105,2143,2173,3955
2026-01-28 17:34:55.373-0800,1886,1903,2105,2143,2173,3968
2026-01-28 17:34:55.390-0800,1876,1907,2106,2143,2173,3966
2026-01-28 17:34:55.405-0800,1867,1909,2106,2143,2173,3967
2026-01-28 17:34:55.421-0800,1859,1911,2104,2142,2174,3977
2026-01-28 17:34:55.422-0800,1849,1911,2105,2143,2172,3975
2026-01-28 17:34:55.438-0800,1845,1913,2107,2142,2173,3994
2026-01-28 17:34:55.453-0800,1842,1914,2105,2143,2173,3956
2026-01-28 17:34:55.469-0800,1842,1915,2107,2143,2173,3970
2026-01-28 17:34:55.469-0800,1841,1914,2106,2143,2174,3969
2026-01-28 17:34:55.485-0800,1840,1913,2106,2143,2173,3971
2026-01-28 17:34:55.500-0800,1842,1913,2106,2143,2174,3967
2026-01-28 17:34:55.516-0800,1841,1915,2105,2142,2173,3968
2026-01-28 17:34:55.517-0800,1842,1915,2106,2142,2173,3969
2026-01-28 17:34:55.532-0800,1842,1915,2105,2141,2173,3979
2026-01-28 17:34:55.548-0800,1840,1914,2107,2143,2173,3958
2026-01-28 17:34:55.564-0800,1842,1914,2106,2143,2172,3966
2026-01-28 17:34:55.565-0800,1840,1913,2105,2143,2174,3953
2026-01-28 17:34:55.580-0800,1842,1914,2106,2142,2175,3976
2026-01-28 17:34:55.596-0800,1843,1914,2107,2142,2173,3954
2026-01-28 17:34:55.612-0800,1842,1914,2106,2143,2173,3984
2026-01-28 17:34:55.612-0800,1841,1914,2106,2143,2173,3979
2026-01-28 17:34:55.628-0800,1842,1914,2105,2142,2173,3946
2026-01-28 17:34:55.644-0800,1842,1914,2106,2144,2173,3986
2026-01-28 17:34:55.661-0800,1842,1915,2106,2142,2174,3967
2026-01-28 17:34:55.661-0800,1841,1913,2105,2142,2173,3973
2026-01-28 17:34:55.676-0800,1841,1914,2105,2142,2173,3972
2026-01-28 17:34:55.692-0800,1842,1914,2105,2142,2172,3974
2026-01-28 17:34:55.708-0800,1841,1914,2106,2141,2174,3956
2026-01-28 17:34:55.708-0800,1842,1915,2106,2142,2173,3970
2026-01-28 17:34:55.724-0800,1841,1914,2104,2142,2173,3969
2026-01-28 17:34:55.740-0800,1841,1914,2105,2142,2172,3967
2026-01-28 17:34:55.756-0800,1841,1914,2105,2142,2173,3970
2026-01-28 17:34:55.757-0800,1843,1915,2104,2142,2173,3968
2026-01-28 17:34:55.772-0800,1842,1915,2105,2141,2173,3979
2026-01-28 17:34:55.788-0800,1842,1915,2104,2141,2172,3971
2026-01-28 17:34:55.805-0800,1842,1914,2106,2143,2173,3962
2026-01-28 17:34:55.805-0800,1842,1915,2105,2142,2173,3971
2026-01-28 17:34:55.820-0800,1840,1914,2105,2142,2174,3957
2026-01-28 17:34:55.837-0800,1841,1914,2104,2142,2174,3965
2026-01-28 17:34:55.853-0800,1841,1914,2105,2142,2173,3983
2026-01-28 17:34:55.853-0800,1841,1915,2105,2141,2173,3980
2026-01-28 17:34:55.868-0800,1841,1914,2105,2142,2173,3973
2026-01-28 17:34:55.884-0800,1841,1914,2104,2141,2173,3969
2026-01-28 17:34:55.900-0800,1841,1914,2105,2143,2173,3952
2026-01-28 17:34:55.901-0800,1842,1913,2106,2142,2175,3990
2026-01-28 17:34:55.916-0800,1840,1914,2105,2141,2174,3981
2026-01-28 17:34:55.932-0800,1842,1914,2104,2141,2173,3974
2026-01-28 17:34:55.948-0800,1843,1914,2104,2142,2173,3980
2026-01-28 17:34:55.948-0800,1841,1915,2105,2143,2174,3958
2026-01-28 17:34:55.964-0800,1840,1914,2105,2142,2173,3962
2026-01-28 17:34:55.980-0800,1842,1914,2104,2142,2173,3971
2026-01-28 17:34:55.996-0800,1840,1914,2104,2143,2172,3966
2026-01-28 17:34:55.997-0800,1841,1914,2105,2140,2174,3972
2026-01-28 17:34:56.014-0800,1843,1914,2102,2142,2173,3971
2026-01-28 17:34:56.028-0800,1842,1915,2106,2141,2173,3985
2026-01-28 17:34:56.044-0800,1842,1915,2105,2141,2173,3968
2026-01-28 17:34:56.045-0800,1841,1914,2105,2143,2173,3982
2026-01-28 17:34:56.060-0800,1841,1915,2104,2142,2172,3968
2026-01-28 17:34:56.076-0800,1842,1914,2105,2142,2174,3965
2026-01-28 17:34:56.092-0800,1841,1914,2105,2142,2174,3965
2026-01-28 17:34:56.092-0800,1841,1915,2105,2142,2174,3967
2026-01-28 17:34:56.108-0800,1842,1914,2105,2141,2174,3965
2026-01-28 17:34:56.124-0800,1841,1914,2105,2141,2173,3967
2026-01-28 17:34:56.140-0800,1842,1914,2105,2141,2173,3971
2026-01-28 17:34:56.140-0800,1842,1914,2105,2143,2173,3982
2026-01-28 17:34:56.156-0800,1842,1914,2105,2141,2173,3983
2026-01-28 17:34:56.172-0800,1841,1915,2105,2140,2173,3969
2026-01-28 17:34:56.189-0800,1841,1914,2105,2141,2173,3963
2026-01-28 17:34:56.190-0800,1838,1912,2102,2139,2170,3964
2026-01-28 17:34:56.204-0800,1838,1911,2103,2139,2172,3962
2026-01-28 17:34:56.220-0800,1838,1912,2103,2139,2171,3979
2026-01-28 17:34:56.238-0800,1838,1912,2102,2139,2172,3961
2026-01-28 17:34:56.241-0800,1837,1911,2102,2139,2170,3976
2026-01-28 17:34:56.252-0800,1839,1912,2103,2140,2171,3966
2026-01-28 17:34:56.268-0800,1839,1912,2102,2139,2171,3962
2026-01-28 17:34:56.284-0800,1840,1912,2102,2139,2170,3961
2026-01-28 17:34:56.284-0800,1838,1912,2102,2139,2172,3973
2026-01-28 17:34:56.300-0800,1840,1911,2103,2140,2171,3958
2026-01-28 17:34:56.316-0800,1839,1910,2102,2139,2171,3943
2026-01-28 17:34:56.332-0800,1838,1912,2103,2139,2171,3957
2026-01-28 17:34:56.332-0800,1839,1912,2102,2139,2171,3979
2026-01-28 17:34:56.349-0800,1840,1912,2103,2140,2173,3961
2026-01-28 17:34:56.364-0800,1840,1912,2103,2139,2171,3968
2026-01-28 17:34:56.382-0800,1839,1910,2103,2139,2171,3963
2026-01-28 17:34:56.383-0800,1839,1911,2102,2139,2171,3961
2026-01-28 17:34:56.396-0800,1839,1912,2104,2139,2170,3964
2026-01-28 17:34:56.412-0800,1839,1911,2102,2138,2171,3970
2026-01-28 17:34:56.428-0800,1839,1912,2103,2138,2171,3963
2026-01-28 17:34:56.429-0800,1840,1911,2102,2139,2171,3974
2026-01-28 17:34:56.444-0800,1838,1912,2102,2138,2171,3970
2026-01-28 17:34:56.460-0800,1837,1912,2103,2139,2171,3970
2026-01-28 17:34:56.476-0800,1840,1912,2103,2139,2171,3962
2026-01-28 17:34:56.476-0800,1839,1912,2103,2137,2172,3955
2026-01-28 17:34:56.492-0800,1838,1912,2103,2139,2170,3957
2026-01-28 17:34:56.508-0800,1839,1911,2103,2138,2172,3975
2026-01-28 17:34:56.524-0800,1840,1912,2102,2138,2171,3980
2026-01-28 17:34:56.525-0800,1839,1911,2103,2138,2170,3963
2026-01-28 17:34:56.540-0800,1838,1911,2102,2137,2170,3980
2026-01-28 17:34:56.556-0800,1839,1911,2103,2139,2171,3964
2026-01-28 17:34:56.572-0800,1839,1911,2103,2139,2171,3950
2026-01-28 17:34:56.572-0800,1838,1912,2103,2138,2172,3960
2026-01-28 17:34:56.588-0800,1839,1911,2102,2138,2171,3979
2026-01-28 17:34:56.606-0800,1840,1912,2103,2140,2171,3957
2026-01-28 17:34:56.620-0800,1839,1912,2103,2139,2171,3960
2026-01-28 17:34:56.621-0800,1839,1910,2103,2138,2171,3958
2026-01-28 17:34:56.639-0800,1838,1911,2103,2138,2171,3953
2026-01-28 17:34:56.652-0800,1839,1912,2103,2138,2170,3964
2026-01-28 17:34:56.668-0800,1838,1912,2103,2140,2171,3959
2026-01-28 17:34:56.668-0800,1837,1912,2103,2138,2172,3960
2026-01-28 17:34:56.684-0800,1839,1911,2102,2137,2170,3957
2026-01-28 17:34:56.700-0800,1838,1911,2103,2138,2170,3958
2026-01-28 17:34:56.716-0800,1839,1911,2104,2139,2171,3950
2026-01-28 17:34:56.717-0800,1838,1912,2103,2139,2171,3979
2026-01-28 17:34:56.732-0800,1839,1912,2103,2138,2172,3959
2026-01-28 17:34:56.748-0800,1838,1912,2102,2139,2170,3966
2026-01-28 17:34:56.764-0800,1839,1911,2102,2138,2171,3962
2026-01-28 17:34:56.764-0800,1839,1912,2102,2138,2171,3946
2026-01-28 17:34:56.780-0800,1840,1914,2103,2139,2170,3960
2026-01-28 17:34:56.796-0800,1839,1912,2102,2137,2172,3965
2026-01-28 17:34:56.812-0800,1839,1911,2103,2139,2171,3968
2026-01-28 17:34:56.814-0800,1839,1911,2102,2139,2171,3959
2026-01-28 17:34:56.828-0800,1840,1912,2102,2138,2172,3961
