Timestamp (ISO),CH0,CH1,CH2,CH3,CH4,CH5
2026-01-27 19:30:58.450-0800,2872,1724,1871,1993,1797,4095
2026-01-27 19:30:58.466-0800,3783,1727,1871,1993,1797,4095
2026-01-27 19:30:58.487-0800,2871,1727,1871,1993,1796,4095
2026-01-27 19:30:58.487-0800,3334,1726,1871,1993,1800,4095
2026-01-27 19:30:58.504-0800,3344,1726,1871,1993,1797,4095
2026-01-27 19:30:58.519-0800,2869,1725,1871,1993,1800,4095
2026-01-27 19:30:58.530-0800,3759,1726,1870,1991,1797,4095
2026-01-27 19:30:58.535-0800,3330,1727,1871,1993,1798,4095
2026-01-27 19:30:58.547-0800,2872,1726,1870,1988,1796,4095
2026-01-27 19:30:58.567-0800,3799,1725,1870,1993,1797,4095
2026-01-27 19:30:58.583-0800,2870,1727,1870,1993,1797,4095
2026-01-27 19:30:58.583-0800,3772,1726,1871,1994,1799,4095
2026-01-27 19:30:58.599-0800,3335,1728,1871,1993,1797,4095
2026-01-27 19:30:58.615-0800,2872,1726,1872,1994,1798,4088
2026-01-27 19:30:58.626-0800,3329,1726,1871,1993,1797,4095
2026-01-27 19:30:58.631-0800,3316,1726,1871,1995,1797,4095
2026-01-27 19:30:58.642-0800,2907,1725,1871,1992,1797,4095
2026-01-27 19:30:58.658-0800,3334,1726,1872,1993,1797,4095
2026-01-27 19:30:58.679-0800,2870,1725,1872,1988,1799,4095
2026-01-27 19:30:58.679-0800,3657,1725,1871,1993,1797,4095
2026-01-27 19:30:58.694-0800,3329,1726,1872,1993,1797,4095
2026-01-27 19:30:58.706-0800,2869,1727,1871,1993,1797,4095
2026-01-27 19:30:58.722-0800,3775,1725,1872,1993,1795,4095
2026-01-27 19:30:58.722-0800,2868,1727,1872,1998,1797,4095
2026-01-27 19:30:58.738-0800,3339,1727,1871,1992,1798,4095
2026-01-27 19:30:58.754-0800,3330,1726,1871,1993,1796,4095
2026-01-27 19:30:58.775-0800,2867,1726,1871,1992,1798,4095
2026-01-27 19:30:58.775-0800,3773,1727,1870,1993,1797,4095
2026-01-27 19:30:58.791-0800,3331,1726,1872,1992,1796,4095
2026-01-27 19:30:58.806-0800,2870,1726,1871,1992,1798,4095
2026-01-27 19:30:58.822-0800,3777,1727,1872,1993,1797,4095
2026-01-27 19:30:58.822-0800,2869,1726,1871,1993,1797,4095
2026-01-27 19:30:58.838-0800,3737,1726,1871,1993,1797,4095
2026-01-27 19:30:58.854-0800,3334,1726,1870,1992,1797,4095
2026-01-27 19:30:58.869-0800,2871,1726,1872,1993,1797,4095
2026-01-27 19:30:58.869-0800,3329,1727,1871,1993,1798,4095
2026-01-27 19:30:58.885-0800,3337,1725,1871,1993,1798,4095
2026-01-27 19:30:58.901-0800,2909,1726,1871,1992,1796,4095
2026-01-27 19:30:58.916-0800,3336,1726,1872,1994,1798,4095
2026-01-27 19:30:58.916-0800,2870,1725,1871,1992,1798,4095
2026-01-27 19:30:58.932-0800,3709,1726,1872,1993,1796,4095
2026-01-27 19:30:58.951-0800,3339,1725,1872,1994,1798,4095
2026-01-27 19:30:58.964-0800,2872,1723,1871,1993,1796,4095
2026-01-27 19:30:58.964-0800,3755,1726,1870,1993,1798,4095
2026-01-27 19:30:58.980-0800,2868,1726,1872,1993,1795,4095
2026-01-27 19:30:58.998-0800,3347,1726,1870,1993,1800,4095
2026-01-27 19:30:59.014-0800,3329,1725,1870,1993,1797,4095
2026-01-27 19:30:59.014-0800,2872,1727,1872,1993,1795,4095
2026-01-27 19:30:59.029-0800,3775,1725,1870,1992,1797,4095
2026-01-27 19:30:59.044-0800,3333,1726,1871,1993,1795,4095
2026-01-27 19:30:59.062-0800,2869,1726,1871,1993,1798,4095
2026-01-27 19:30:59.062-0800,3785,1726,1872,1993,1797,4095
2026-01-27 19:30:59.076-0800,2872,1726,1871,1993,1797,4095
2026-01-27 19:30:59.093-0800,3740,1726,1873,1991,1798,4095
2026-01-27 19:30:59.111-0800,3336,1726,1872,1992,1797,4095
2026-01-27 19:30:59.111-0800,2872,1727,1871,1992,1797,4095
2026-01-27 19:30:59.126-0800,3322,1726,1871,1992,1798,4095
2026-01-27 19:30:59.142-0800,3332,1724,1871,1991,1797,4095
2026-01-27 19:30:59.158-0800,2907,1725,1871,1993,1797,4092
2026-01-27 19:30:59.172-0800,3329,1726,1871,1994,1800,4095
2026-01-27 19:30:59.172-0800,2870,1725,1871,1992,1798,4095
2026-01-27 19:30:59.191-0800,3665,1725,1871,1993,1799,4095
2026-01-27 19:30:59.204-0800,3330,1727,1872,1993,1796,4095
2026-01-27 19:30:59.204-0800,2871,1726,1871,1992,1798,4095
2026-01-27 19:30:59.219-0800,3789,1727,1872,1994,1798,4095
2026-01-27 19:30:59.235-0800,2869,1726,1872,1993,1797,4095
2026-01-27 19:30:59.250-0800,3348,1726,1871,1993,1800,4095
2026-01-27 19:30:59.250-0800,3325,1726,1871,1993,1797,4095
2026-01-27 19:30:59.266-0800,2870,1728,1871,1993,1797,4095
2026-01-27 19:30:59.282-0800,3771,1727,1872,1992,1796,4095
2026-01-27 19:30:59.303-0800,3305,1727,1872,1992,1802,4095
2026-01-27 19:30:59.303-0800,2870,1727,1870,1993,1792,4095
2026-01-27 19:30:59.318-0800,3797,1726,1872,1994,1798,4092
2026-01-27 19:30:59.334-0800,2867,1721,1867,1989,1793,4094
2026-01-27 19:30:59.350-0800,3710,1722,1867,1989,1794,4095
2026-01-27 19:30:59.350-0800,3321,1722,1868,1990,1794,4095
2026-01-27 19:30:59.365-0800,2869,1721,1867,1988,1795,4095
2026-01-27 19:30:59.381-0800,3323,1721,1867,1988,1793,4095
2026-01-27 19:30:59.397-0800,3316,1722,1867,1988,1793,4095
2026-01-27 19:30:59.399-0800,2902,1721,1866,1989,1793,4085
2026-01-27 19:30:59.413-0800,3306,1721,1867,1989,1792,4095
2026-01-27 19:30:59.431-0800,2870,1721,1868,1989,1793,4095
2026-01-27 19:30:59.446-0800,3635,1721,1867,1988,1793,4095
2026-01-27 19:30:59.446-0800,3307,1723,1866,1989,1794,4095
2026-01-27 19:30:59.462-0800,2871,1721,1868,1988,1792,4095
2026-01-27 19:30:59.478-0800,3752,1720,1865,1989,1791,4095
2026-01-27 19:30:59.494-0800,2869,1722,1867,1994,1793,4095
2026-01-27 19:30:59.494-0800,3310,1721,1867,1989,1793,4095
2026-01-27 19:30:59.510-0800,3312,1722,1866,1989,1793,4095
2026-01-27 19:30:59.526-0800,2867,1721,1867,1988,1793,4095
2026-01-27 19:30:59.542-0800,3723,1722,1866,1988,1792,4095
2026-01-27 19:30:59.542-0800,3310,1723,1868,1989,1793,4095
2026-01-27 19:30:59.558-0800,2870,1722,1867,1987,1794,4095
2026-01-27 19:30:59.573-0800,3745,1721,1868,1989,1793,4095
2026-01-27 19:30:59.589-0800,2868,1722,1867,1990,1793,4095
2026-01-27 19:30:59.589-0800,3685,1720,1867,1988,1794,4095
2026-01-27 19:30:59.606-0800,3314,1721,1867,1988,1794,4091
2026-01-27 19:30:59.621-0800,2869,1721,1867,1988,1793,4095
2026-01-27 19:30:59.636-0800,3315,1721,1867,1989,1793,4095
2026-01-27 19:30:59.639-0800,3317,1722,1868,1989,1792,4095
2026-01-27 19:30:59.652-0800,2900,1721,1868,1989,1793,4084
2026-01-27 19:30:59.668-0800,3311,1721,1875,1989,1792,4095
2026-01-27 19:30:59.686-0800,2870,1721,1884,1988,1793,4079
2026-01-27 19:30:59.687-0800,3625,1721,1903,1987,1793,4095
2026-01-27 19:30:59.701-0800,3309,1721,1933,1988,1792,4091
2026-01-27 19:30:59.716-0800,2871,1720,1976,1989,1792,4095
2026-01-27 19:30:59.732-0800,3773,1721,2035,1989,1792,4095
2026-01-27 19:30:59.732-0800,2866,1722,2098,1989,1793,4095
2026-01-27 19:30:59.749-0800,3357,1721,2160,1989,1794,4095
2026-01-27 19:30:59.764-0800,3308,1722,2221,1989,1793,4095
2026-01-27 19:30:59.782-0800,2868,1721,2277,1989,1794,4095
2026-01-27 19:30:59.782-0800,3731,1723,2318,1990,1793,4095
2026-01-27 19:30:59.796-0800,3310,1723,2353,1988,1792,4095
2026-01-27 19:30:59.812-0800,2870,1721,2369,1989,1792,4095
2026-01-27 19:30:59.827-0800,3744,1721,2371,1989,1793,4095
2026-01-27 19:30:59.827-0800,2871,1722,2370,1991,1793,4095
2026-01-27 19:30:59.843-0800,3704,1721,2370,1989,1793,4095
2026-01-27 19:30:59.859-0800,3314,1722,2370,1989,1794,4095
2026-01-27 19:30:59.875-0800,2867,1722,2371,1988,1793,4095
2026-01-27 19:30:59.875-0800,3307,1721,2370,1987,1792,4089
2026-01-27 19:30:59.891-0800,3307,1721,2371,1989,1793,4095
2026-01-27 19:30:59.908-0800,2899,1721,2368,1989,1792,4087
2026-01-27 19:30:59.926-0800,3315,1722,2371,1989,1792,4095
2026-01-27 19:30:59.927-0800,2868,1721,2370,1989,1793,4082
2026-01-27 19:30:59.942-0800,3629,1721,2371,1988,1793,4088
2026-01-27 19:30:59.958-0800,3308,1723,2369,1990,1792,4095
2026-01-27 19:30:59.974-0800,2869,1721,2369,1989,1794,4095
2026-01-27 19:30:59.974-0800,3749,1721,2371,1989,1795,4095
2026-01-27 19:30:59.990-0800,2870,1723,2371,1989,1792,4095
2026-01-27 19:31:00.006-0800,3320,1722,2369,1989,1793,4095
2026-01-27 19:31:00.022-0800,3308,1721,2360,1990,1792,4095
2026-01-27 19:31:00.023-0800,2869,1722,2340,1989,1795,4095
2026-01-27 19:31:00.036-0800,3747,1723,2308,1989,1793,4095
2026-01-27 19:31:00.052-0800,3348,1723,2262,1989,1794,4095
2026-01-27 19:31:00.067-0800,2870,1723,2201,1987,1793,4095
2026-01-27 19:31:00.067-0800,3757,1722,2131,1989,1795,4092
2026-01-27 19:31:00.083-0800,2867,1722,2066,1990,1793,4095
2026-01-27 19:31:00.099-0800,3738,1722,2012,1989,1795,4095
2026-01-27 19:31:00.116-0800,3316,1721,1971,1988,1796,4095
2026-01-27 19:31:00.116-0800,2870,1722,1943,1989,1797,4095
2026-01-27 19:31:00.131-0800,3306,1724,1926,1988,1796,4095
2026-01-27 19:31:00.146-0800,3293,1721,1914,1989,1797,4095
2026-01-27 19:31:00.162-0800,2903,1721,1912,1989,1796,4089
2026-01-27 19:31:00.167-0800,3352,1720,1912,1988,1797,4095
2026-01-27 19:31:00.181-0800,2871,1720,1911,1988,1799,4095
2026-01-27 19:31:00.197-0800,3627,1719,1911,1988,1797,4095
2026-01-27 19:31:00.214-0800,3315,1722,1909,1989,1797,4095
2026-01-27 19:31:00.214-0800,2871,1721,1908,1988,1798,4095
2026-01-27 19:31:00.230-0800,3785,1720,1909,1990,1798,4095
2026-01-27 19:31:00.243-0800,2870,1721,1908,1990,1800,4089
2026-01-27 19:31:00.259-0800,3306,1721,1907,1988,1798,4081
2026-01-27 19:31:00.259-0800,3305,1721,1908,1991,1797,4095
2026-01-27 19:31:00.275-0800,2873,1721,1908,1989,1799,4095
2026-01-27 19:31:00.290-0800,3733,1719,1907,1988,1799,4095
2026-01-27 19:31:00.306-0800,3313,1719,1908,1989,1798,4095
2026-01-27 19:31:00.311-0800,2872,1721,1907,1989,1798,4095
2026-01-27 19:31:00.322-0800,3777,1724,1913,1993,1803,4095
2026-01-27 19:31:00.339-0800,2870,1727,1912,1994,1801,4095
2026-01-27 19:31:00.358-0800,3745,1726,1912,1993,1805,4095
2026-01-27 19:31:00.359-0800,3328,1727,1913,1993,1803,4095
2026-01-27 19:31:00.375-0800,2871,1726,1911,1993,1803,4095
2026-01-27 19:31:00.388-0800,3337,1726,1911,1992,1803,4095
2026-01-27 19:31:00.402-0800,3332,1725,1912,1994,1805,4095
2026-01-27 19:31:00.402-0800,2906,1726,1912,1991,1802,4095
2026-01-27 19:31:00.422-0800,3330,1725,1912,1994,1803,4095
2026-01-27 19:31:00.434-0800,2873,1726,1911,1992,1803,4095
2026-01-27 19:31:00.450-0800,3653,1725,1912,1992,1804,4095
2026-01-27 19:31:00.450-0800,3320,1726,1912,1993,1802,4095
2026-01-27 19:31:00.466-0800,2870,1725,1912,1995,1802,4095
2026-01-27 19:31:00.485-0800,3775,1725,1912,1992,1808,4095
2026-01-27 19:31:00.502-0800,2870,1727,1913,1994,1801,4095
2026-01-27 19:31:00.502-0800,3336,1726,1912,1993,1802,4095
2026-01-27 19:31:00.518-0800,3321,1726,1912,1992,1801,4092
2026-01-27 19:31:00.533-0800,2871,1726,1913,1992,1800,4095
2026-01-27 19:31:00.550-0800,3769,1727,1911,1992,1800,4095
2026-01-27 19:31:00.550-0800,3327,1728,1911,1992,1800,4095
2026-01-27 19:31:00.566-0800,2872,1727,1912,1993,1800,4095
2026-01-27 19:31:00.582-0800,3771,1726,1913,1993,1801,4095
2026-01-27 19:31:00.597-0800,2872,1736,1912,1993,1797,4095
2026-01-27 19:31:00.597-0800,3753,1745,1914,1994,1800,4095
2026-01-27 19:31:00.613-0800,3328,1765,1913,1993,1801,4095
2026-01-27 19:31:00.628-0800,2871,1797,1913,1993,1800,4095
2026-01-27 19:31:00.644-0800,3321,1840,1913,1993,1800,4095
2026-01-27 19:31:00.644-0800,3326,1898,1913,1993,1800,4095
2026-01-27 19:31:00.662-0800,2908,1961,1914,1993,1799,4095
2026-01-27 19:31:00.675-0800,3330,2019,1915,1994,1800,4095
2026-01-27 19:31:00.694-0800,2872,2066,1915,1992,1800,4095
2026-01-27 19:31:00.694-0800,3633,2107,1915,1993,1800,4095
2026-01-27 19:31:00.706-0800,3329,2148,1914,1993,1800,4095
2026-01-27 19:31:00.723-0800,2871,2171,1916,1993,1800,4095
2026-01-27 19:31:00.738-0800,3733,2193,1916,1994,1801,4095
2026-01-27 19:31:00.738-0800,2870,2200,1917,1993,1800,4095
2026-01-27 19:31:00.758-0800,3354,2204,1915,1993,1800,4095
2026-01-27 19:31:00.769-0800,3325,2205,1916,1994,1800,4095
2026-01-27 19:31:00.790-0800,2872,2206,1915,1992,1801,4095
2026-01-27 19:31:00.790-0800,3747,2207,1916,1994,1801,4095
2026-01-27 19:31:00.806-0800,3323,2208,1917,1993,1801,4095
2026-01-27 19:31:00.821-0800,2870,2207,1917,1993,1801,4095
2026-01-27 19:31:00.836-0800,3771,2207,1919,1994,1801,4095
2026-01-27 19:31:00.836-0800,2870,2207,1918,1993,1802,4090
2026-01-27 19:31:00.852-0800,3748,2207,1920,1993,1802,4095
2026-01-27 19:31:00.868-0800,3328,2207,1919,1992,1802,4095
2026-01-27 19:31:00.885-0800,2871,2206,1921,1993,1802,4095
2026-01-27 19:31:00.885-0800,3328,2206,1922,1993,1803,4095
2026-01-27 19:31:00.898-0800,3330,2204,1921,1993,1802,4095
2026-01-27 19:31:00.914-0800,2912,2199,1921,1993,1803,4092
2026-01-27 19:31:00.932-0800,3328,2194,1921,1994,1805,4095
2026-01-27 19:31:00.934-0800,2873,2186,1922,1993,1809,4095
2026-01-27 19:31:00.946-0800,3664,2165,1921,1993,1813,4095
2026-01-27 19:31:00.962-0800,3328,2131,1921,1993,1812,4095
2026-01-27 19:31:00.978-0800,2871,2077,1921,1993,1812,4095
2026-01-27 19:31:00.978-0800,3781,2011,1921,1993,1814,4095
2026-01-27 19:31:00.996-0800,2868,1928,1921,1994,1814,4095
2026-01-27 19:31:01.014-0800,3344,1842,1920,1995,1816,4095
2026-01-27 19:31:01.029-0800,3332,1756,1920,1993,1815,4095
2026-01-27 19:31:01.029-0800,2870,1713,1922,1993,1820,4095
2026-01-27 19:31:01.041-0800,3771,1720,1912,1992,1818,4095
2026-01-27 19:31:01.062-0800,3319,1719,1913,1993,1820,4083
2026-01-27 19:31:01.078-0800,2869,1719,1913,1992,1820,4095
2026-01-27 19:31:01.078-0800,3747,1719,1913,1993,1821,4095
2026-01-27 19:31:01.093-0800,2872,1718,1912,1989,1821,4095
2026-01-27 19:31:01.109-0800,3732,1719,1913,1996,1821,4095
2026-01-27 19:31:01.124-0800,3328,1719,1913,1994,1821,4095
2026-01-27 19:31:01.126-0800,2871,1719,1913,1993,1822,4095
2026-01-27 19:31:01.142-0800,3333,1719,1913,1992,1822,4095
2026-01-27 19:31:01.155-0800,3324,1719,1914,1993,1821,4095
2026-01-27 19:31:01.170-0800,2910,1718,1914,1993,1819,4093
2026-01-27 19:31:01.170-0800,3333,1720,1915,1993,1820,4095
2026-01-27 19:31:01.190-0800,2872,1718,1914,1993,1820,4095
2026-01-27 19:31:01.203-0800,3657,1713,1915,1993,1819,4095
2026-01-27 19:31:01.222-0800,3324,1721,1914,1993,1819,4095
2026-01-27 19:31:01.222-0800,2869,1717,1915,1993,1819,4095
2026-01-27 19:31:01.234-0800,3765,1718,1915,1993,1819,4095
2026-01-27 19:31:01.254-0800,2868,1720,1915,1992,1818,4095
2026-01-27 19:31:01.265-0800,3380,1719,1913,1994,1820,4095
2026-01-27 19:31:01.265-0800,3320,1720,1915,1993,1817,4095
2026-01-27 19:31:01.286-0800,2870,1721,1915,1992,1819,4095
2026-01-27 19:31:01.297-0800,3759,1720,1914,1988,1816,4095
2026-01-27 19:31:01.313-0800,3307,1719,1915,1993,1819,4095
2026-01-27 19:31:01.319-0800,2870,1714,1911,1988,1814,4095
2026-01-27 19:31:01.331-0800,3770,1716,1913,1989,1814,4095
2026-01-27 19:31:01.350-0800,2869,1715,1910,1989,1815,4095
2026-01-27 19:31:01.365-0800,3704,1717,1911,1990,1815,4085
2026-01-27 19:31:01.365-0800,3306,1714,1911,1989,1815,4095
2026-01-27 19:31:01.381-0800,2869,1717,1909,1988,1819,4095
2026-01-27 19:31:01.396-0800,3309,1716,1911,1988,1814,4095
2026-01-27 19:31:01.413-0800,3305,1716,1912,1989,1814,4095
2026-01-27 19:31:01.414-0800,2899,1716,1912,1988,1814,4095
2026-01-27 19:31:01.429-0800,3300,1716,1911,1991,1813,4095
2026-01-27 19:31:01.442-0800,2870,1715,1911,1988,1821,4095
2026-01-27 19:31:01.458-0800,3701,1715,1912,1988,1825,4095
2026-01-27 19:31:01.458-0800,3308,1715,1912,1992,1839,4095
2026-01-27 19:31:01.474-0800,2867,1717,1912,1989,1857,4095
2026-01-27 19:31:01.492-0800,3733,1715,1913,1990,1886,4094
2026-01-27 19:31:01.508-0800,2870,1717,1912,1989,1925,4095
2026-01-27 19:31:01.508-0800,3295,1716,1911,1990,1965,4091
2026-01-27 19:31:01.525-0800,3304,1715,1913,1995,2004,4090
2026-01-27 19:31:01.541-0800,2869,1716,1911,1988,2033,4095
2026-01-27 19:31:01.557-0800,3729,1717,1911,1990,2064,4095
2026-01-27 19:31:01.557-0800,3315,1716,1912,1988,2091,4095
2026-01-27 19:31:01.572-0800,2869,1716,1911,1989,2120,4095
2026-01-27 19:31:01.589-0800,3765,1715,1914,1995,2153,4094
2026-01-27 19:31:01.605-0800,2869,1716,1912,1989,2185,4092
2026-01-27 19:31:01.605-0800,3674,1716,1911,1988,2219,4095
2026-01-27 19:31:01.622-0800,3300,1714,1915,1988,2237,4095
2026-01-27 19:31:01.637-0800,2872,1716,1911,1988,2265,4095
2026-01-27 19:31:01.653-0800,3311,1716,1911,1989,2295,4095
2026-01-27 19:31:01.653-0800,3311,1716,1911,1989,2315,4095
2026-01-27 19:31:01.668-0800,2892,1715,1912,1989,2329,4083
2026-01-27 19:31:01.686-0800,3305,1716,1912,1990,2348,4095
2026-01-27 19:31:01.702-0800,2868,1716,1911,1988,2361,4095
2026-01-27 19:31:01.702-0800,3617,1715,1912,1989,2371,4095
2026-01-27 19:31:01.718-0800,3312,1717,1911,1988,2374,4095
2026-01-27 19:31:01.733-0800,2869,1716,1912,1989,2375,4095
2026-01-27 19:31:01.749-0800,3723,1715,1913,1988,2377,4095
2026-01-27 19:31:01.750-0800,2868,1716,1911,1989,2379,4095
2026-01-27 19:31:01.766-0800,3308,1716,1911,1990,2384,4095
2026-01-27 19:31:01.779-0800,3317,1715,1912,1989,2385,4095
2026-01-27 19:31:01.797-0800,2871,1716,1911,1988,2387,4095
2026-01-27 19:31:01.797-0800,3725,1715,1911,1988,2384,4095
2026-01-27 19:31:01.814-0800,3320,1717,1912,1989,2383,4095
2026-01-27 19:31:01.829-0800,2868,1717,1913,1989,2378,4083
2026-01-27 19:31:01.844-0800,3737,1716,1915,1989,2367,4095
2026-01-27 19:31:01.846-0800,2871,1718,1914,1989,2359,4095
2026-01-27 19:31:01.859-0800,3701,1717,1914,1988,2344,4089
2026-01-27 19:31:01.877-0800,3306,1718,1916,1989,2326,4093
2026-01-27 19:31:01.893-0800,2869,1717,1917,1988,2317,4095
2026-01-27 19:31:01.893-0800,3299,1718,1917,1989,2317,4094
2026-01-27 19:31:01.909-0800,3314,1718,1917,1988,2309,4095
2026-01-27 19:31:01.924-0800,2895,1718,1918,1989,2294,4086
2026-01-27 19:31:01.942-0800,3310,1718,1917,1988,2268,4095
2026-01-27 19:31:01.942-0800,2869,1720,1919,1988,2247,4095
2026-01-27 19:31:01.957-0800,3633,1719,1920,1989,2227,4095
2026-01-27 19:31:01.971-0800,3297,1718,1921,1988,2201,4095
2026-01-27 19:31:01.986-0800,2870,1720,1920,1989,2166,4095
2026-01-27 19:31:01.986-0800,3739,1718,1922,1989,2122,4095
2026-01-27 19:31:02.005-0800,2870,1720,1923,1990,2071,4086
2026-01-27 19:31:02.017-0800,3294,1718,1921,1990,2022,4081
2026-01-27 19:31:02.037-0800,3293,1719,1922,1989,1982,4094
2026-01-27 19:31:02.037-0800,2868,1718,1922,1989,1960,4095
2026-01-27 19:31:02.053-0800,3721,1719,1921,1988,1953,4095
2026-01-27 19:31:02.068-0800,3275,1719,1922,1989,1953,4095
2026-01-27 19:31:02.085-0800,2869,1718,1921,1988,1951,4095
2026-01-27 19:31:02.085-0800,3739,1717,1923,1988,1947,4095
2026-01-27 19:31:02.100-0800,2868,1719,1922,1989,1945,4094
2026-01-27 19:31:02.115-0800,3700,1719,1922,1989,1945,4095
2026-01-27 19:31:02.129-0800,3308,1718,1923,1989,1944,4095
2026-01-27 19:31:02.129-0800,2869,1719,1923,1988,1941,4095
2026-01-27 19:31:02.149-0800,3307,1718,1923,1988,1938,4088
2026-01-27 19:31:02.164-0800,3300,1719,1922,1990,1943,4095
2026-01-27 19:31:02.181-0800,2892,1718,1922,1990,1944,4095
2026-01-27 19:31:02.181-0800,3292,1720,1923,1989,1940,4095
2026-01-27 19:31:02.197-0800,2868,1719,1922,1989,1941,4095
2026-01-27 19:31:02.213-0800,3601,1718,1922,1988,1944,4095
2026-01-27 19:31:02.229-0800,3333,1718,1921,1989,1942,4095
2026-01-27 19:31:02.230-0800,2871,1719,1922,1988,1943,4095
2026-01-27 19:31:02.245-0800,3719,1717,1923,1989,1943,4084
2026-01-27 19:31:02.261-0800,2868,1720,1923,1990,1945,4095
2026-01-27 19:31:02.277-0800,3323,1720,1921,1989,1946,4095
2026-01-27 19:31:02.278-0800,3289,1718,1922,1989,1943,4095
2026-01-27 19:31:02.293-0800,2867,1717,1922,1990,1945,4095
2026-01-27 19:31:02.304-0800,3705,1719,1921,1989,1943,4095
2026-01-27 19:31:02.325-0800,3300,1720,1923,1989,1943,4095
2026-01-27 19:31:02.325-0800,2866,1723,1926,1993,1951,4095
2026-01-27 19:31:02.340-0800,3735,1724,1927,1996,1948,4095
2026-01-27 19:31:02.357-0800,2868,1723,1926,1994,1947,4095
2026-01-27 19:31:02.374-0800,3714,1723,1926,1993,1949,4095
2026-01-27 19:31:02.374-0800,3326,1724,1924,1993,1949,4095
2026-01-27 19:31:02.390-0800,2870,1724,1929,1992,1947,4095
2026-01-27 19:31:02.405-0800,3317,1723,1927,1993,1949,4095
2026-01-27 19:31:02.421-0800,3322,1722,1927,1993,1947,4095
2026-01-27 19:31:02.421-0800,2903,1723,1926,1993,1947,4086
2026-01-27 19:31:02.436-0800,3322,1723,1928,1993,1946,4095
2026-01-27 19:31:02.451-0800,2872,1724,1926,1993,1947,4095
2026-01-27 19:31:02.467-0800,3649,1723,1927,1993,1948,4095
2026-01-27 19:31:02.467-0800,3326,1724,1926,1994,1946,4090
2026-01-27 19:31:02.485-0800,2872,1725,1928,1993,1946,4095
2026-01-27 19:31:02.500-0800,3779,1723,1927,1994,1945,4095
2026-01-27 19:31:02.515-0800,2868,1724,1927,1993,1941,4095
2026-01-27 19:31:02.515-0800,3326,1722,1926,1992,1940,4095
2026-01-27 19:31:02.531-0800,3316,1724,1926,1993,1936,4095
2026-01-27 19:31:02.548-0800,2870,1723,1927,1994,1936,4095
2026-01-27 19:31:02.562-0800,3744,1723,1926,1992,1934,4095
2026-01-27 19:31:02.562-0800,3298,1724,1926,1993,1933,4095
2026-01-27 19:31:02.578-0800,2870,1726,1926,1993,1932,4095
2026-01-27 19:31:02.593-0800,3769,1724,1927,1993,1928,4095
2026-01-27 19:31:02.613-0800,2871,1724,1926,1994,1925,4095
2026-01-27 19:31:02.613-0800,3720,1725,1926,1991,1925,4095
2026-01-27 19:31:02.628-0800,3322,1724,1926,1992,1921,4095
2026-01-27 19:31:02.644-0800,2872,1725,1926,1993,1919,4095
2026-01-27 19:31:02.660-0800,3323,1725,1927,1993,1919,4095
2026-01-27 19:31:02.660-0800,3316,1725,1919,1993,1920,4095
2026-01-27 19:31:02.676-0800,2902,1725,1926,1992,1920,4095
2026-01-27 19:31:02.693-0800,3313,1726,1926,1994,1919,4095
2026-01-27 19:31:02.709-0800,2872,1725,1926,1993,1920,4095
2026-01-27 19:31:02.709-0800,3624,1725,1925,1993,1921,4095
2026-01-27 19:31:02.724-0800,3323,1725,1926,1993,1920,4095
2026-01-27 19:31:02.740-0800,2873,1725,1926,1993,1920,4095
2026-01-27 19:31:02.757-0800,3733,1725,1926,1993,1919,4095
2026-01-27 19:31:02.757-0800,2870,1726,1928,1994,1919,4095
2026-01-27 19:31:02.771-0800,3323,1726,1927,1994,1918,4095
2026-01-27 19:31:02.790-0800,3312,1725,1926,1993,1917,4095
2026-01-27 19:31:02.804-0800,2872,1725,1926,1994,1917,4095
2026-01-27 19:31:02.804-0800,3773,1727,1926,1994,1915,4095
2026-01-27 19:31:02.821-0800,3315,1725,1927,1993,1916,4095
2026-01-27 19:31:02.833-0800,2869,1725,1925,1993,1918,4095
2026-01-27 19:31:02.854-0800,3717,1725,1927,1994,1918,4095
2026-01-27 19:31:02.854-0800,2873,1726,1926,1994,1919,4095
2026-01-27 19:31:02.869-0800,3721,1725,1926,1993,1919,4095
2026-01-27 19:31:02.885-0800,3319,1725,1927,1996,1917,4095
